titulo,url,texto
Migrantes venezolanos radicados en San Onofre logran regular su estatus,https://www.elheraldo.co/colombia/2026/08/17/migrantes-venezolanos-radicados-en-san-onofre-logran-regular-su-estatus/,"Setenta y dos niños, niñas y jóvenes venezolanos que residen en el municipio de San Onofre, al norte del departamento de Sucre, avanzan en su proceso de formalización de migrantes.
Migración Colombia y la Defensoría del Pueblo con la coordinación de la alcaldía municipal hicieron posible la realización de una jornada de atención institucional para tal fin.
Durante este evento las familias participantes presentaron los certificados de estudio de los menores para darle paso al inicio del trámite del Registro Único de Migrantes Venezolanos (RUMV) y la inscripción para la obtención del Permiso por Protección Temporal (PPT).
La formalización de estos documentos busca asegurar el acceso de la población estudiantil migrante al sistema educativo, a la red de salud pública y a la oferta de programas sociales del Estado.
“En San Onofre queremos que ningún niño se quede sin estudiar por su nacionalidad. Seguimos trabajando para garantizar el goce efectivo de todos sus derechos”, dijo la administración que lidera Marta Cantillo Martínez."
Chile permite la salida de migrantes venezolanos con pasaportes vencidos tras doble sismo,https://www.elheraldo.co/mundo/2026/06/30/chile-permite-la-salida-de-migrantes-venezolanos-con-pasaportes-vencidos-tras-doble-sismo/,"Chile facilitará la salida “por razones humanitarias” de los ciudadanos venezolanos que tengan sus pasaportes vencidos y quieran volver a Venezuela para ayudar en las labores de reconstrucción tras el doble terremoto o rencontrarse con sus seres queridos, informó este martes el Gobierno chileno.
Lea más: Estados Unidos felicita a Fujimori y busca fortalecer cooperación en seguridad regional con Perú
“Muchos ciudadanos venezolanos que viven en nuestro país se encuentran en una situación de profundo estrés emocional ante la pérdida de familiares o bien tienen la intención y el deseo de colaborar con la reconstrucción de su país”, explicó el director del Servicio Nacional de Migraciones, Frank Sauerbaum.
El objetivo de la medida, apuntó el funcionario, es “dar todas las facilidades para que estas personas puedan salir rápidamente eximiendo de algunos trámites”.
Los ciudadanos venezolanos que quieran acogerse a este plan tendrán que ir al la sede de la Policía de Investigaciones de Chile (PDI) ubicada en el Aeropuerto Internacional Arturo Merino Benítez, el principal de Santiago, y rellenar un “simple” documento antes de subirse al avión que los lleve de vuelta a Venezuela, agregó Sauerbaum.
Ver más: Puerto Rico coordina respuesta humanitaria ante posible traslado de pacientes de Venezuela afectados por terremotos
Podrán acogerse a la medida todos los venezolanos que tengan sus pasaportes venezolanos vencidos, ya tengan permiso de residencia en Chile o hayan ingresado de manera irregular.
Miles de personas trabajan contrarreloj para hallar a más sobrevivientes a casi una semana de los terremotos de magnitud 7,2 y 7,5 que sacudieron el Caribe venezolano y han dejado hasta la fecha al menos 1.943 personas y 10.571 heridos, según el último conteo del Gobierno venezolano.
La relaciones diplomáticas entre Chile y Venezuela están suspendidas desde el 24 de julio de 2024, cuando el entonces presidente de Venezuela, Nicolás Maduro, ordenó el retiro de todo el personal diplomático en el país austral, en respuesta a las acusaciones de fraude electoral emitidas por exmandatario Gabriel Boric y gran parte de la comunidad internacional.
Lea también: Terremoto de magnitud 6.1 sacude a México este martes
El cierre del consulado y la embajada venezolanas en Chile hace dos años dejó a gran parte de los 700.000 venezolanos radicados en el país en un limbo burocrático, sin posibilidad de hacer ningún trámite consular presencial.
Aunque el Gobierno venezolano habilitó recientemente una plataforma digital para hacer trámites online y permitió a terceros retirar pasaportes en Caracas, la realidad es que muchos venezolanos se sienten atrapados en Chile.
El Gobierno de José Antonio Kast ha mostrado su voluntad de restablecer relaciones consulares con Caracas y el mandatario ultraderechista, en un gesto inédito en años, conversó el jueves por teléfono con la presidenta encargada de Venezuela, Delcy Rodríguez, para mostrarle su solidaridad e informarle del envío de ayuda humanitaria y de rescate.
Además: Presidentes y líderes de derecha, entre ellos Abelardo De la Espriella, felicitan a Fujimori por alcanzar la Presidencia de Perú
Paralelamente a los salvoconductos anunciados este martes, el Ejecutivo chileno está elaborando un plan para facilitar el regreso voluntario a sus países de origen a los más de 330.000 migrantes irregulares que viven en Chile -en su mayoría venezolanos-, que fue una de las principales promesas de campaña del líder ultraconservador."
Migración Colombia e ICBF afirman que se ha regularizado al 90% de niños migrantes venezolanos en el país,https://www.elheraldo.co/colombia/2025/10/30/migracion-colombia-e-icbf-afirman-que-se-ha-regularizado-al-90-de-ninos-migrantes-venezolanos-en-el-pais/,"A través del primer boletín oficial sobre los menores de edad migrantes venezolanos en el país, Migración Colombia y el ICBF reportaron que se ha regularizado al 90% de las niñas, niños y adolescentes migrantes venezolanos en Colombia.
L eer más: Aberrante: denuncian caso de abuso sexual contra una niña de año y nueve meses; vecinos grabaron los vejámenes
“De los casi 2,8 millones de personas población migrante venezolana en Colombia (a corte mayo) el 28,41% son niños, niñas y adolescentes”, explicó el Gobierno, indica do además que “la población migrante venezolana menor de edad tendrá los preregistros habilitados hasta el año 2031, en el marco de la garantía y prevalencia de esta población”.
A mayo de 2025, se estima que en Colombia hay cerca de 800.000 menores de edad migrantes venezolanos, de los cuales casi el 90% ya se encuentran regularizados por Migración Colombia en el marco del Estatuto Temporal de Protección para Venezolanos, ETPV.
“En septiembre de 2025, Migración Colombia puso en marcha el PEP-Tutor, un nuevo mecanismo que permite a los representantes o custodios de niñas, niños y adolescentes venezolanos regularizar su permanencia en el país. Esta medida, amparada en el Decreto 1209 de 2024, busca garantizar que los adultos responsables puedan acceder a servicios, empleo y educación formal, fortaleciendo así la protección integral de los menores a su cargo. Según el Observatorio de Migraciones de Migración Colombia, el programa tiene un potencial de cobertura de más de 270.000 niñas, niños y adolescentes venezolanos con Permiso por Protección Temporal (PPT), cuyos cuidadores ahora pueden tramitar su regularización ante el Estado colombiano”, se lee.
V er también: Las contradicciones de Petro sobre incidente con abastecimiento de combustible del avión presidencial en su viaje a Medio Oriente
No obstante, el boletín advierte un incremento en los casos de violencias reportadas contra la niñez migrante, que aumentaron en más de un 58,78% entre 2019 y 2024, según datos oficiales del Sistema Nacional de Bienestar Familiar . Esta situación se relaciona con los riesgos de movilidad irregular, las rutas no seguras y la falta de acompañamiento familiar durante los desplazamientos. Las autoridades insisten en que estas cifras deben verse como un llamado urgente a fortalecer los mecanismos de protección y prevención en las zonas de frontera.
Y el apartado de Protección integral a la niñez migrante concluye que, solo en 2024, el ICBF atendió a más de 61.000 Niñas, Niños y Adolescentes (NNA) migrantes en servicios de prevención y protección, la mayoría en programas de primera infancia.
L e sugerimos: Procuraduría inició investigación por posible venta de participación de Ecopetrol en Permian
“En los más recientes dos años, oficiales de Migración Colombia identificaron cerca de 400 casos de falsificación de documentos para la salida de Niños, Niñas y Adolescentes y, gracias a la articulación con agencias homólogas internacionales, se prohibió el ingreso al país de 133 ciudadanos extranjeros (la mayoría estadounidenses), identificados como posibles agresores sexuales de menores de edad. Este año son cerca de 40 inadmitidos o expulsados por la autoridad migratoria”, finaliza el documento."
"Integración de migrantes, tema central en diálogo que liderará Venezolanos en Barranquilla durante Foro Mundial sobre Migración",https://www.elheraldo.co/colombia/2025/08/31/integracion-de-migrantes-tema-central-en-dialogo-que-liderara-venezolanos-en-barranquilla-durante-foro-mundial-sobre-migracion/,"En el marco del Foro Mundial sobre Migración y Desarrollo que se adelantará en la ciudad de Riohacha la próxima semana, la organización Venezolanos en Barranquilla liderará el evento paralelo ‘Construyendo rutas de integración: desafíos y oportunidades para la población venezolana en América Latina’.
Lea también: Etapa decisiva para la vía que conecta a Barranquilla con Ciénaga
El evento se llevará a cabo el próximo miércoles 3 de septiembre en la Biblioteca Virtual Héctor Salah Zuleta, en Riohacha, a partir de las 12:00 a.m. a 1:15 p. m.
El evento reunirá a actores clave del Gobierno colombiano , organismos internacionales, banca multilateral y sociedad civil, con el propósito de reflexionar y avanzar en soluciones efectivas, sostenibles y coordinadas para la inclusión de la población migrante y refugiada venezolana en Colombia y la región.
Lea también: Capturan a un séptimo implicado en el magnicidio de Miguel Uribe Turbay
El evento contará con la participación de Migración Colombia , la Organización Internacional para las Migraciones (OIM), el Banco Interamericano de Desarrollo (BID), Fundación Comparte y Veneactiva, quienes dialogarán sobre las rutas de integración , la movilidad laboral, la cooperación internacional y el rol de la sociedad civil en este proceso.
“Esta es una oportunidad estratégica para avanzar en soluciones concretas que respondan a las necesidades de las personas en movilidad humana y de las comunidades de acogida. Nuestra organización ha trabajado desde lo local, nacional e internacional promoviendo la apertura de espacios de diálogo y construcción colectiva, y este foro nos permite fortalecer la articulación y coordinación entre todos los actores involucrados”, indicó Juan Carlos Viloria Doria, vicepresidente de Venezolanos en Barranquilla.
Lea también: Ley Nancy Mestre: el feminicidio podría volverse un delito imprescriptible en Colombia
De acuerdo a datos de la Plataforma de Coordinación Interagencial para Refugiados y Migrantes (R4V), en de América Latina y el Caribe, que ya concentra más del 85 % de los casi 7,9 millones de personas refugiadas y migrantes originarias de Venezuela, la presión sobre los sistemas de acogida es inmensa.
Colombia, como principal país receptor, acoge a más de 2,8 millones de venezolanos, mientras convive con una crisis humanitaria interna de más de 7 millones de desplazados, según cifras de ACNUR . “Estas cifras evidencian con claridad la urgencia, vigencia y pertinencia de este evento paralelo como plataforma para promover soluciones integrales, sostenibles y coordinadas”."
Venezolanos en Barranquilla participarán en Foro de Migración para impulsar mejores respuestas a las necesidades de esta población,https://www.elheraldo.co/atlantico/2025/08/31/venezolanos-en-barranquilla-participaran-en-foro-de-migracion-para-impulsar-mejores-respuestas-a-las-necesidades-de-esta-poblacion/,"El próximo miércoles 3 de septiembre, Venezolanos en Barranquilla participarán como panelistas en la decimoquinta edición del Foro Mundial sobre Migración y Desarrollo . La asociación liderará un evento paralelo llamado ‘Construyendo rutas de integración: desafíos y oportunidades para la población venezolana en América Latina’ en la Biblioteca Virtual Héctor Salah Zuleta, en Riohacha (La Guajira), de 12:00 m. a 1:15 p. m.
En el panel abordarán experiencias de integración socioeconómica , movilidad laboral, combate a la trata de personas y tráfico de migrantes. Asimismo, intercambiarán aprendizajes de distintos países y mostrarán el apoyo que el BID ha dado, mediante fondos, a la implementación de acciones de integración en beneficio de la comunidad migrante y comunidades de acogida.
Le puede interesar: Nuevo Milenio, Villa Estadio y Nuevo Horizonte, los sectores más afectados por vendaval en Soledad
“Este espacio es importante porque demuestra la capacidad que tenemos como sociedad civil de ser copartícipes y corresponsables en la implementación de respuestas a problemas que ya son muy bien conocidos por toda la comunidad”, explicó a EL HERALDO el vicepresidente de la organización, Juan Carlos Viloria .
El encargado informó que en este panel participarán expertos de talla internacional, tales María Narcisa Chavera, subdirectora de Extranjería de Migración Colombia; Fernando Medina, jefe de misión de la Organización Internacional para las Migraciones (OIM) en Colombia, y Francisco Zegarra, especialista de servicios de la unidad de migración del Banco Interamericano de Desarrollo (BID).
Además, participarán representantes de organizaciones de sociedad civil de Colombia y de Perú: Lala Lovera, directora de la Fundación Comparte, y Paulo Méndez, desde Lima, coordinador de integración socioeconómica de la organización VeneActiva.
“Estos foros permiten visibilizar el potencial que tiene la sociedad civil de ser aliada del Gobierno, del sector privado y de las organizaciones de cooperación. Así, las acciones de estas entidades —que finalmente son quienes toman las decisiones— pueden ser mucho más efectivas frente a las necesidades, que día a día aumentan, mientras que los recursos disponibles son cada vez más escasos”, aseveró Viloria.
Asimismo, el vicepresidente puso de presente que son cruciales estas acciones coordinadas , ya que permiten reflejar el potencial de la organización y buscar alianzas con entidades locales e internacionales.
Cabe recordar que Venezolanos en Barranquilla es una organización de sociedad civil integrada por profesionales de diversas áreas. Esta entidad hace parte de más de 30 espacios de articulación y coordinación a nivel internacional y nacional y tiene alianzas con 19 organizaciones de nueve países.
Colombia, como principal país receptor, acoge a más de 2,8 millones de venezolanos , mientras convive con una crisis humanitaria interna de más de 7 millones de desplazados (Acnur, 2025). El departamento del Atlántico alberga al menos 220.000 personas de esta población, y Barranquilla, como capital, concentra a 163.000 ciudadanos de Venezuela.
“Barranquilla ha sido una ciudad históricamente abierta a las migraciones de distintos continentes y, en los últimos años, ha recibido un fuerte impacto en los sistemas de salud, educación y empleo debido a la llegada de población proveniente de Venezuela. La respuesta de Barranquilla ha sido generosa y solidaria; hemos visto la disposición de las autoridades locales y de las diferentes secretarías para proveer servicios y garantizar derechos a esta población. Sin embargo, las capacidades institucionales son limitadas”, señaló Viloria.
Además: Declaran calamidad pública en Soledad tras vendaval: más de 700 casas afectadas y 11 lesionados
Por otro lado, a nivel global, la crisis del desplazamiento forzado alcanza niveles sin precedentes: hacia fines de 2024, más de 123 millones de personas estaban desplazadas debido a conflicto, violencia y persecución, lo que equivale a una de cada 67 personas en el mundo (Acnur, 2024).
En la región de América Latina y el Caribe, que ya concentra más del 85 % de los casi 7,9 millones de personas refugiadas y migrantes originarias de Venezuela (Plataforma R4V, 2025), la presión sobre los sistemas de acogida es inmensa."
Migración reporta normalidad en el flujo migratorio de la frontera entre Colombia y Venezuela,https://www.elheraldo.co/colombia/2026/01/07/migracion-reporta-normalidad-en-el-flujo-migratorio-de-la-frontera-entre-colombia-y-venezuela/,"Migración Colombia reportó este miércoles completa normalidad en los flujos migratorios de la frontera con Venezuela. Esto en medio de la situación originada en el vecino país por los bombardeos a zonas militares y civiles y la captura del presidente del régimen de Caracas, Nicolás Maduro , en un operativo realizado en la madrugada del pasado sábado por parte de los Estados Unidos.
Lea más: Iván Cepeda advierte a Trump que Colombia no es una “colonia” de EE. UU.
“Los flujos migratorios regulares de ciudadanos venezolanos en diciembre de 2025 y comienzos de enero de 2026 se mantuvieron dentro de los patrones normales de la temporada festiva”, i ndicó la entidad.
Informó en este sentido que del 1 al 6 de enero se registraron 45.126 entradas y 44.722 salidas, y en La Guajira concretamente hubo 1.212 entradas y 1.079 salidas. Entre tanto, en 2025 hubo 73.596 entradas y 73.388 salidas.
El pasado martes Migración indicó que entre el 5 de diciembre de 2025 y el 4 de enero de 2026 se registraron 83.308 ingresos y 77.976 salidas de ciudadanos venezolanos a nivel nacional, lo que representa un 6,8 % más de entradas que de salidas, comportamiento que fue calificado como normal y consistente con la dinámica observada a lo largo de 2025.
Ver más: Mindefensa llama a respetar la soberanía y la institucionalidad en medio de la tensión con EE. UU.
El reporte explica que el monitoreo distingue entre flujos migratorios regulares, que corresponden a movimientos realizados cumpliendo los requisitos legales por los puestos de control migratorio, y flujos migratorios pendulares, asociados a cruces frecuentes en zonas de frontera por motivos laborales, comerciales o familiares. Para ambos tipos de flujo se establecen rangos que permiten identificar escenarios de normalidad, contingencia o situación crítica, en articulación con los planes de coordinación interinstitucional liderados por el Gobierno nacional.
En cuanto a los primeros días de enero de 2026, el análisis muestra que entre el 1 y el 4 de este mes se registraron 6.117 entradas y 5.390 salidas, lo que equivale a 727 registros más de entrada que de salida, comportamiento que el documento señala como acorde con las dinámicas propias de la temporada festiva de fin de año.
Lea también: PDVSA confirmó que avanza en negociaciones para vender crudo a Estados Unidos
Por puestos de control migratorio en frontera con Venezuela, el informe detalla que los mayores volúmenes de flujo regular se concentran en la Regional Oriente, particularmente en los pasos del Puente Francisco de Paula Santander, el Puente Internacional Simón Bolívar y el Puente de la Unidad, mientras que en la Regional La Guajira el principal punto de monitoreo es el puesto migratorio de Paraguachón, y en la Regional Orinoquía el Puente Internacional Páez y el puesto fluvial de Puerto Carreño.
Finalmente, el reporte de Migración Colombia señala que el análisis comparativo de las entradas registradas en enero de 2026 frente al histórico de enero de 2025 evidencia una tendencia similar e incluso inferior en algunos momentos, y que el comportamiento de los flujos pendulares entre el 1 y el 4 de enero no muestra incrementos súbitos o anormales que indiquen cambios en el patrón habitual de la dinámica migratoria en la frontera colombo-venezolana."
Migrantes venezolanos inyectan unos 3.000 millones de dólares anuales a través del consumo en Colombia,https://www.elheraldo.co/internacional/2025/12/17/migrantes-venezolanos-inyectan-unos-3000-millones-de-dolares-anuales-a-traves-del-consumo-en-colombia/,"Un informe lanzado este miércoles por la Organización Internacional para las Migraciones (OIM) , previo al Día Internacional del Migrante , expone cómo los millones de migrantes venezolanos establecidos en Latinoamérica y el Caribe aportan significativamente a las comunidades de acogida, con un consumo acumulado de más de 10.600 millones de dólares anuales en ocho países analizados.
Leer también: La Policía presenta 59 cargos contra sospechoso de atentado en Sídney, 15 por asesinato
Estos son algunos de los datos del ‘Análisis de la Contribución Fiscal y Económica de la Migración Venezolana’:
Al ser el principal país de acogida, Colombia registra las cifras más altas en volumen.
La contribución fiscal de la población migrante venezolana ascendió en 2023 a 529,1 millones de dólares , lo que representa el 1,91 % de los ingresos tributarios de personas naturales en el país.
También su impacto en la economía real es amplio: inyectan unos 3.000 millones de dólares anuales a través del consumo, una cifra comparable a más de la mitad de los ingresos de grandes conglomerados nacionales.
Además, si se eliminaran las barreras para la inserción laboral formal y se aprovechara plenamente el capital humano -considerando que el 74 % está empleado pero con alta informalidad- , el aporte fiscal podría escalar hasta los 804,3 millones de dólares (un 2,90 % de los ingresos fiscales), con un incremento potencial de más del 50 %.
En Perú la contribución fiscal real se situó en 526,9 millones de dólares en 2024, equivalentes al 1,35 % de la recaudación total o al 0,23 % del PIB nacional. El consumo estimado de los migrantes en el país alcanza los 2.400 millones de dólares, un monto que equipara al 80 % del presupuesto anual del Ministerio del Interior.
Sin embargo, Perú presenta una de las mayores brechas de oportunidad debido a la “degradación de habilidades”, ya que menos del 10 % de los profesionales venezolanos ejercen su carrera. Si se avanzara en la convalidación de títulos y la formalización, el ingreso fiscal podría aumentar un 51,3 %, alcanzando un potencial de 797,7 millones de dólares.
La integración laboral en Chile destaca por su alta tasa de empleo (89 %) y formalidad en comparación con sus vecinos, lo que se traduce en una recaudación fiscal real de 409,7 millones de dólares, representando el 1,03 % de los ingresos fiscales totales.
El consumo de los hogares venezolanos en territorio chileno se estima en 2.400 millones de dólares, con una fuerte orientación hacia el pago de vivienda y servicios.
El escenario potencial en Chile proyecta una recaudación de 510,1 millones de dólares si se optimiza la inclusión de estos trabajadores. La migración ha sido clave para contrarrestar el envejecimiento poblacional local, aportando una fuerza laboral joven (promedio de 36 años) y activa.
Panamá registra el impacto relativo más alto de la región. La contribución fiscal de los migrantes venezolanos es de 203,2 millones de dólares, lo que constituye un notable 4,18 % de los ingresos fiscales totales del país y un 0,33 % del PIB.
Además, la inversión empresarial de origen venezolano ha sido un motor clave, inyectando más de 1.800 millones de dólares en la última década y generando cerca de 40.000 empleos.
Importante: Trump dice que Venezuela le quitó derechos petroleros a EE. UU. y los quiere de vuelta
Si se redujeran los costos de regularización y se facilitara el acceso al empleo formal, el aporte fiscal potencial de Panamá podría dispararse a 283,2 millones de dólares, elevando su peso al 5,83 % de la recaudación nacional.
A pesar de las barreras de regularización, la población venezolana en Ecuador aportó 46,9 millones de dólares al fisco (0,25 % de la recaudación total). El consumo local se estima en 876,2 millones de dólares, con un gasto focalizado en vivienda y alimentación.
El estudio destaca que el aporte per cápita ha crecido considerablemente en los últimos años, pasando de 84 dólares a 243 dólares, demostrando una mayor capacidad contributiva a medida que la población se asienta. En un escenario de plena integración, el aporte fiscal potencial ascendería a 55,9 millones de dólares.
La migración venezolana en República Dominicana se caracteriza por un fuerte perfil emprendedor y de inversión. Su aporte fiscal real es de 39,9 millones de dólares. Destaca la inversión de capital venezolano, que ha movilizado cerca de 180 millones de dólares y generado más de 2.500 empleos directos a través de más de 50 empresas registradas.
El potencial de crecimiento fiscal es del 26,3 %, pudiendo alcanzar los 50,4 millones de dólares si se agilizan los procesos de regularización y se reduce la burocracia para los nuevos negocios.
En Costa Rica, la contribución fiscal actual es de 40,2 millones de dólares (0,32 % de los ingresos totales). El consumo de esta población inyecta unos 261,3 millones de dólares a la economía costarricense, con un alto porcentaje destinado a educación y salud, lo que denota una inversión en capital humano a largo plazo.
El aporte potencial se calcula en 47,5 millones de dólares. Un dato relevante es el alto nivel educativo de los migrantes en el país (más del 40 % cuenta con educación universitaria), lo que representa un capital humano subutilizado por las barreras legales de contratación.
Aunque las cifras absolutas son menores por el tamaño de la isla, el impacto relativo es el más alto en términos de PIB. La contribución fiscal real es de 27,2 millones de dólares, lo que equivale al 0,75 % del PIB de la isla. El consumo local asciende a 113,5 millones de dólares, vital para su economía basada en servicios y turismo."
"“La esperanza existe, pero el retorno no será inmediato”:  migrantes venezolanos",https://www.elheraldo.co/atlantico/2026/01/11/la-esperanza-existe-pero-el-retorno-no-sera-inmediato-migrantes-venezolanos/,"Tras la captura de Nicolás Maduro en la madrugada del 3 de enero, por orden del presidente de Estados Unidos, Donald Trump, se reactivó entre los migrantes venezolanos el deseo de regresar a su país. Sin embargo, aunque el anuncio generó entusiasmo inicial, líderes de la comunidad de migrantes en Barranquilla coinciden en que aún no existen condiciones reales para un retorno masivo.
Lea aquí: Extienden plazo de inscripción a cursos gratuitos del Sena en Soledad: más de 650 personas participan en la convocatoria
Algunos llevan más de una década en Colombia, tienen empleo estable, sus hijos están en el sistema educativo y tienen acceso a servicios de salud, condiciones que hoy, en el vecino país, no están garantizadas.
Así lo explicó Juan Viloria, vicepresidente de Venezolanos en Barranquilla y presidente de la Alianza Global por los Derechos Humanos. “La intención de volver existe, pero solo si hay seguridad jurídica, institucional y garantías reales”, indicó.
Cabe recordar que desde la llegada de Hugo Chávez al poder, hace casi 30 años, se han registrado múltiples oleadas migratorias. Colombia, por su cercanía, fue el principal destino de esa diáspora que se asentó en distintas regiones del país.
Aunque existe un subregistro, solo en el departamento del Atlántico, según Migración Colombia, hay 223 mil ciudadanos venezolanos, de los cuales 163 mil están en Barranquilla.
Esos flujos migratorios han estado motivados por episodios políticos, económicos y sociales. Viloria recordó que muchos de estos ocurrieron con el golpe de Estado de 2002, elecciones presidenciales, protestas reprimidas, el cierre de fronteras en 2016, la crisis humanitaria entre 2017 y 2019 y la pandemia.
Lea también: Desde este sábado empezó a regir aumento de tarifas en peajes de Sabanagrande y Galapa
La más grande, explicó, ocurrió entre 2017 y 2019, cuando millones de venezolanos salieron del país, principalmente hacia Colombia.
Para este líder y sus connacionales, lamentablemente su país no cuenta en este momento con la infraestructura necesaria para recibir un retorno masivo. “El sistema eléctrico, la red hospitalaria, las vías y los servicios públicos no soportarían el regreso de millones de personas”.
Es por ello, sostuvo, que cualquier proceso de retorno tendría que ser gradual y planificado, acompañado de inversión privada, reapertura institucional y una transición política efectiva.
Reiteró, que, por ahora, el mensaje es claro: la esperanza existe, pero el retorno no será inmediato ni automático. Para muchos migrantes, volver a casa dependerá no solo de un cambio político, s ino de que Venezuela recupere las condiciones mínimas para garantizar una vida digna.
Viloria señaló que la actual etapa responde a una fase de estabilización necesaria, ante la falta de capacidad de la oposición venezolana para asumir de inmediato el control total del país.
“Estamos de acuerdo en que se dé esta primera fase de estabilización. No hay capacidad inmediata de los factores de la oposición para ejercer control; es necesario depurar las fuerzas armadas y las instituciones, y eso pasa por desocupar el aparato del Estado”, afirmó Viloria.
De acuerdo con Viloria, si las condiciones comienzan a mejorar, la primera ola de retorno estaría conformada por los sectores más vulnerables de la población venezolana, aquellos que tuvieron mayores dificultades para establecerse fuera del país.
“Muchos salieron con lo que tenían en la mano, dejaron sus casas, sus pertenencias , y para ellos ha sido muy difícil establecerse fuera de Venezuela”, explicó.
Posteriormente, señaló, podrían regresar parejas jóvenes y profesionales, especialmente aquellos que trabajan de manera remota y podrían hacerlo desde Venezuela bajo esquemas de trabajo nómada digital.
Viloria es médico de profesión, estudió en Barranquilla, y tanto para él como para otros migrantes, el regreso no significará una ruptura total con la vida construida en Colombia u otros países, sino una relación más flexible con su país de origen.
“Yo quiero regresar a Venezuela, pero regresar como turista: revisar mi apartamento, ver a mi gente, disfrutar mi tierra y volver. Mucha gente ya tiene su vida hecha afuera y va a mantener ese modelo”, afirmó.
Así coincide Gustavo Arias, un ingeniero mecánico y empresario que llegó a Barranquilla hace ocho años, desde Barcelona, en el oriente de Venezuela, en busca de nuevas oportunidades. Hoy es propietario de una ferretería industrial. Su decisión de salir del país se dio cuando la crisis económica y social hizo inviable cualquier posibilidad de desarrollo profesional.
Con nostalgia narró que en Venezuela no existían las condiciones mínimas para crecer o emprender, especialmente para la población joven. “La mayoría de quienes migramos éramos personas menores de 40 años. En Venezuela no había ninguna manera de desarrollarse”, señaló.
Aunque reconoce el arraigo que sienten los venezolanos por su tierra, Arias no contempla un retorno en el corto plazo. “Uno siempre tiene la ilusión de que las cosas mejoren, pero personalmente no tengo planes de regresar por ahora”,
Sin embargo, aclaró que no descarta esa posibilidad a futuro, pero considera que muchos migrantes, como él, ya han construido una vida estable fuera del país.
“Hay personas más positivas con retornar rápido porque no han podido desarrollarse profesionalmente”, explicó. En su caso, la estabilidad laboral y empresarial alcanzada en Colombia pesa más.
Así como estos dos profesionales, muchos migrantes que se dedican en esta ciudad a oficios como el arreglo de uñas, estilistas, vendedores de tinto y trabajos técnicos, no todos contemplan regresar, no por ahora.
En el caso de Lisbeth Rivera, quien llegó a Barranquilla en 2016, desde Valencia, y después de mucho batallar en diferentes oficios, logró en la venta del tinto encontrar la estabilidad económica que no había podido tener en su país.
Con esta actividad pudo traer a sus hijos y sostener a su familia. “Vendiendo café me va mejor que trabajando para otros. Así pude pagar arriendo, servicios y sacar adelante a mis hijos”, explicó.
Sin embargo, fue enfática en afirmar en que ella sí regresará a su país, dejando a un lado el cariño que tiene por la gente de Barranquilla, piensa en la casa que dejó en Valencia y confía que con los anuncios por parte de E.E. UU. las cosas van a mejorar.
Ella y su pareja, también venezolana, planean volver porque en los chats que comparten con sus amigos ya se empiezan a ver ofertas de trabajo para trabajar en diferentes oficios en las petroleras.
“Yo sí volvería sin dudarlo, pero no para pasar necesidad. Quiero estabilidad, sueldos dignos y seguridad jurídica”, expresó.
Por el contrario, Francisco Moreno, de Maracaibo, con firmeza aseguró que no regresa a establecerse en su país, solo, como lo manifiestan sus paisanos, iría en plan de turismo y visitar a la familia.
Moreno tiene nueve años de haber llegado a Barranquilla, y con su permiso permanente ha logrado tener un trabajo estable, se casó con una colombiana y está a la espera de la entrega de su casa; es por esta razón que sus planes no son regresar.
“Me gustaría quedarme e intentar invertir aquí en algo distinto a lo que hago ahora. Barranquilla y Maracaibo son muy parecidas: el clima, la gente, el ambiente. Por eso me siento cómodo y no descarto seguir construyendo mi vida aquí”, afirmó.
Ante el riesgo de un nuevo flujo migratorio desde Venezuela, la Asociación Colombiana de Ciudades Capitales (Asocapitales) lideró la primera reunión de la Red de Ciudades para la Acogida, la Inclusión y el Desarrollo, para evaluar su capacidad de respuesta y mitigar impactos humanitarios, sociales y económicos.
Durante el encuentro, en el que participaron representantes de las alcaldías de Bogotá, Barranquilla, Cartagena, Cali, Bucaramanga, Medellín, Santa Marta y Necoclí, se advirtió que, en un escenario crítico, hasta 560.000 migrantes venezolanos podrían ingresar a Colombia.
Esta situación prendió las alertas teniendo en cuenta que las ciudades ya enfrentan limitaciones en salud, alojamiento temporal y atención social.
En el marco del inicio del año escolar 2026 en todo el territorio nacional, el Ministerio de Educación Nacional activó un plan de choque del sector educativo para garantizar el acceso, la permanencia y la continuidad en el sistema educativo de niñas, niños y jóvenes migrantes venezolanos.
Esta estrategia hace parte de las acciones prioritarias del Gobierno nacional para asegurar el derecho fundamental a la educación, con especial énfasis en zonas de frontera y territorios que enfrentan mayores desafíos derivados de la migración y contextos de conflictividad.
El plan contempla acompañamiento técnico, presencia institucional y trabajo articulado con las entidades territoriales certificadas en educación, con el fin de fortalecer la capacidad de respuesta del sistema educativo oficial.
Los departamentos priorizados son La Guajira, Arauca, Norte de Santander con énfasis en la región del Catatumbo, Vichada y Cesar."
Migración Colombia hace un llamado por posibles fraudes en Valledupar,https://www.elheraldo.co/colombia/2026/01/15/migracion-colombia-hace-un-llamado-por-posibles-fraudes-en-valledupar/,"Migración Colombia hace un llamado a los extranjeros domiciliados en Valledupar y en todo el territorio nacional para que no se dejen engañar por personas inescrupulosas que, a través de redes sociales, ofrecen de manera fraudulenta trámites relacionados con el Permiso por Protección Temporal (PPT) y otros servicios migratorios.
L eer más: Petro anunció que el precio de la gasolina bajará porque “se pagó la deuda del FEPC”
Este pronunciamiento se realiza luego de que un ciudadano de nacionalidad venezolana denunciara haber sido víctima de una estafa, tras contactar un perfil falso en la red social TikTok , en el cual la persona responsable se hacía pasar por un directivo de Migración Colombia, ofreciendo la supuesta expedición del PPT en un plazo de 24 horas, a cambio del pago de 160 mil pesos .
El ciudadano acudió de manera libre y voluntaria al Centro Facilitador de Servicios Migratorios de Valledupar, donde se verificó que el trámite ofrecido era completamente falso. Migración Colombia reiteró que el PPT es un trámite gratuito , que actualmente no se encuentra habilitada su expedición para personas adultas, y que ningún trámite ante la entidad requiere intermediarios ni pagos a terceros.
V er también: Gobernadores se le plantan a Petro: 17 mandatarios rechazan medidas de emergencia económica
La entidad advierte sobre la proliferación de perfiles falsos en redes sociales que buscan aprovecharse de la necesidad y el desconocimiento de la población migrante, por lo que invita a los extranjeros a informarse únicamente a través de los canales oficiales y a denunciar cualquier intento de fraude en la página oficial www.migracioncolombia.gov.co o en redes sociales como @migracioncol."
Gobierno Trump revoca el Estatus de Protección Temporal para cerca de 250.000 venezolanos,https://www.elheraldo.co/mundo/2025/09/04/gobierno-trump-revoca-el-estatus-de-proteccion-temporal-para-cerca-de-250000-venezolanos/,"El Gobierno del presidente de Estados Unidos , Donald Trump, decidió revocar este miércoles el Estatus de Protección Temporal (TPS) otorgado a los venezolanos en 2021, lo que deja al borde de la deportación a un cuarto de millón de inmigrantes de ese país.
Lea: Trump apela ante la Corte Suprema para defender sus aranceles
La secretaria de Seguridad Nacional (DHS, en inglés), Kristi Noem, anunció oficialmente que no extenderá la protección otorgada por el Gobierno del presidente Joe Biden (2021-2025) a cerca de 250.000 venezolanos y que expira el próximo 10 de septiembre.
El TPS otorga un permiso de trabajo y protege a los beneficiados de la deportación.
Matthew Tragesser, portavoz del Servicio de Inmigración y Ciudadanía (USCIS), explicó en un comunicado que se decidió no extender el amparo dado el “importante papel” de Venezuela en el impulso de la migración irregular y el claro efecto imán creado por el TPS.
“Mantener o ampliar el TPS para los ciudadanos venezolanos socava directamente los esfuerzos de la Administración Trump para asegurar nuestra frontera sur y gestionar la migración de manera eficaz”, agregó.
Lea: Trump asegura que Venezuela está creando un “tremendo problema” con el narcotráfico y que no lo va a “consentir”
Noem determinó que las condiciones en Venezuela ya no cumplen con los requisitos legales del TPS y es necesario ponerle fin porque extender el amparo está en contravía del interés nacional.
La decisión se da después que el Tribunal del Noveno Circuito de Apelaciones de Estados Unidos ratificó el viernes pasado el fallo de un juez federal que concluyó que el fin del TPS para aproximadamente 600.000 venezolanos, incluidos los afectados por la decisión de hoy, es ilegal.
La querella legal busca proteger a dos grupos de venezolanos amparados por el TPS otorgado por el expresidente Biden, los de 2021, unos 250.000, y los beneficiarios de la extensión de 2023, unos 350.000.
Lea: México y Estados Unidos refuerzan alianza contra narcotráfico e inmigración
El panel de tres jueces de apelación respaldó de forma unánime al juez Edward Chen del Tribunal de Distrito Norte de California, que examina una demanda entablada por la Alianza Nacional TPS y siete inmigrantes venezolanos afectados por la cancelación del amparo ordenada por el Departamento de Seguridad Nacional (DHS) en febrero pasado y que en ese momento afectó directamente a 350.000 venezolanos a los que se les terminó el amparo en abril pasado.
El fallo del Noveno Circuito reconoció además que los venezolanos afectados por la cancelación del TPS enfrentan graves perjuicios como la pérdida de empleo, la separación familiar, la detención y la deportación, según la Unión Estadounidense de Libertades Civiles (ACLU), que representa a los demandantes.
Se espera que Chen entregue una resolución en los próximos días, lo que podría congelar la decisión del Gobierno Trump."
Organizaciones exigen a Colombia investigar el atentado contra dos activistas venezolanos,https://www.elheraldo.co/colombia/2025/10/13/organizaciones-exigen-a-colombia-investigar-el-atentado-contra-dos-activistas-venezolanos/,"Diversas organizaciones de Venezuela exigieron este lunes al Gobierno de Colombia una investigación sobre el atentado contra dos activistas venezolanos en Bogotá , quienes resultaron heridos de bala, un hecho denunciado por la Defensoría del Pueblo colombiana.
Lea más: Dos activistas venezolanos, atacados a bala en Bogotá: “Es una extensión de la represión del régimen de Maduro”
Las víctimas son Yendri Velásquez, defensor de derechos humanos, activista LGTBIQ+ y solicitante de refugio en Colombia, y el consultor político Luis Alejandro Peche.
En la red social X, la ONG Acceso a la Justicia condenó el atentado, ocurrido en el barrio bogotano de Cedritos, y solicitó al Gobierno del presidente colombiano, Gustavo Petro , la apertura de “investigaciones pertinentes para identificar” a “los responsables de este hecho”.
En ese sentido, la organización no gubernamental Provea exigió “una respuesta del Gobierno de Petro” y una “protección urgente a los defensores venezolanos en riesgo, muchos de ellos -señaló- atrapados en un limbo migratorio por trabas institucionales” de Migración Colombia.
Ver más: “Querían más fama y más poder”: mejor amigo de Regio Clown reveló cómo fueron los últimos días del DJ con B-King
“El Estado colombiano tiene la obligación de garantizar protección efectiva a personas defensoras, solicitantes de refugio y en condición de especial vulnerabilidad”, dijo Provea, que también pidió a la Fiscalía de ese país “llevar a cabo una investigación que permita esclarecer lo ocurrido y brindar medidas urgentes de protección a las víctimas”.
El Sindicato Nacional de Trabajadores de la Prensa (SNTP) igualmente condenó “enérgicamente” lo que calificó como “atroz atentado a tiros” contra “dos venezolanos hostigados y amenazados por hacer su trabajo en Venezuela y que se vieron obligados a salir del país para resguardar su integridad”.
“Ambos tienen procesos migratorios abiertos en Colombia, en donde han solicitado protección internacional ante la persecución de la que han sido víctimas. Esperamos que ambos se recuperen y exigimos a las autoridades colombianas una investigación transparente, exhaustiva y expedita que conduzca a castigar a los responsables”, escribió en X.
Lea también: Dos defensores de derechos humanos venezolanos fueron víctimas de atentado en Bogotá
El sindicato advirtió que estos hechos de violencia “profundizan la crisis venezolana y demuestran el estado de indefensión en el que se encuentran” los “activistas dentro y fuera de las fronteras”.
En la misma red social, la organización Caleidoscopio Humano expresó que ambos “fueron víctimas de violencia que el Estado colombiano es incapaz de controlar”, por lo que exhortó a Petro a pronunciarse y dar “seguridad a solicitantes de refugio”.
El Centro de Justicia y Paz (Cepaz), también a través de X, rechazó el atentado, y señaló que Velásquez “salió de Venezuela buscando seguridad y hoy la violencia vuelve a alcanzarle”.
Por su parte, el partido opositor Voluntad Popular (VP) exigió al mandatario colombiano “una investigación exhaustiva y transparente sobre este crimen”.
“No se puede hablar de paz en el mundo sin antes garantizarla en su propio país”, agregó.
Según la Policía Nacional de Colombia, se trató de un “ataque sicarial” tras el que ambos fueron trasladados a una clínica, donde se encuentran fuera de peligro, aunque Velásquez tuvo que ser sometido a una cirugía.
La Defensoría del Pueblo de Colombia indicó que Velásquez había acudido a la entidad para solicitar acompañamiento en su trámite de protección internacional, tras huir de Venezuela por “persecución derivada de su labor en defensa de los derechos humanos”.
El organismo instó a la Fiscalía a abrir una investigación “pronta y exhaustiva que permita esclarecer los hechos y adoptar medidas de protección para las víctimas”."
Alcaldía de Barranquilla habilita centro de ayudas para afectados por terremoto en Venezuela,https://www.elheraldo.co/atlantico/2026/06/25/alcaldia-de-barranquilla-habilita-centro-de-ayudas-para-afectados-por-terremoto-en-venezuela/,"Frente a la crisis humanitaria que atraviesa Venezuela por el doblete sísmico que afectó al país, la Alcaldía de Barranquilla habilitó un centro de acopio en la ciudad para brindar ayudas a los habitantes del vecino país.
Le puede interesar: Organizaciones de venezolanos instalan centro de acopio para recibir donaciones en Barranquilla
A través de su cuenta de X, el alcalde Alejandro Char anunció que la ciudad se une en solidaridad con los afectados del terremoto en Venezuela.
“Venezuela, Barranquilla nunca te olvida. Hoy nuestros corazones están con ustedes. Les pedimos a todos los barranquilleros que nos unamos para apoyar a las familias venezolanas”, expresó el máximo mandatario del Distrito.
Venezuela, Barranquilla nunca te olvida. Hoy nuestros corazones están con ustedes. Les pedimos a todos los barranquilleros que nos unamos para apoyar a las familias venezolanas, llevando agua, alimentos no perecederos, insumos médicos, ropa, abrigos y colchonetas al centro de… pic.twitter.com/QQYtydf2oC
De esta forma, invitó a los barranquilleros a apoyar con agua, alimentos no perecederos, insumos médicos o medicamentos, ropa y abrigos , colchones, colchonetas y afines, y elementos de aseo personal.
En ese sentido, el centro de acopio está ubicado en la carrera 43 #6-120, en Barranquillita , a donde pueden llegar las donaciones de los barranquilleros, organizaciones y fundaciones desde las 8:00 a.m. hasta las 4:00 p.m. a partir de mañana viernes 26 de junio.
Además: El doblete sísmico, un fenómeno poco habitual: la ruptura de una falla dispara la de otra
Las labores de recolección de ayudas, lideradas por la Alcaldía de Barranquilla, cuentan con el apoyo de Organizaciones de la Sociedad Civil como la Asociación de Venezolanos en Barranquilla, Fundación De Pana Que Sí, Agencia Cultural 7-80, Corporación Rostro Caribe, Corporación Identidades Diversas, Fundación Renacer y entidades como Migración Colombia, Centro Intégrate y otros.
“En estos momentos tan difíciles que vive nuestro hermano país, tendámosles la mano y hagámosles sentir que no están solos”, finalizó el alcalde Alejandro Char."
Desde Valledupar sale ayuda humanitaria a Venezuela,https://www.elheraldo.co/cesar/2026/06/26/desde-valledupar-sale-ayuda-humanitaria-a-venezuela/,"Desde que se conoció a nivel mundial el terremoto que sacudió la capital y centro de Venezuela , con movimientos telúricos mayores a 7.2 en la escala de la intensidad, se iniciaron campañas para recolectar donaciones de alimentos no perecederos, pañales para niños y adultos , ropa en buen estado, y cualquier otro elemento que sea de ayuda y trasladar hasta donde se encuentran los afectados.
Leer más: Alcaldía de Riohacha declara tarde cívica para facilitar la participación ciudadana en el Festival Francisco el Hombre
Por ello desde Valledupar, en el departamento del Cesar, donde habitan un promedio de 40.000 migrantes venezolanos, según Migración Colombia, se inició una actividad para la recolección de dichas ayudas, trasladarlas en un principio a Maicao, luego la frontera, Maracaibo y así hasta llegar a los centros de acopio que ha dispuesto el Gobierno venezolano, recordando que la zona más afectada es el estado de La Guaira, ubicado a 26 kilómetros de Caracas.
El centro de acopio y la iniciativa de las donaciones fueron organizados por la Panadería y Restaurante Los Chamos, que está ubicada en la calle 16, frente al Éxito de Las Flores, de Valledupar, desde las 9:00 de la mañana hasta las 9:00 de la noche. Para ello están necesitando voluntarios para logística y organizar todo lo recibido y sea trasladado a Venezuela.
Le puede interesar: Cotoprix, en área rural de Riohacha, tendrá su primer escenario recreodeportivo
Mientras todas las donaciones se organizan en el mundo, en Caracas y La Guaira sigue la búsqueda de sobrevivientes. Hasta la tarde de este viernes 26 de junio el reporte oficial era de 920 fallecidos y 3.360 heridos. Más de 4.000 damnificados. 383 edificios con daños severos o destruidos. 1.423 obras de infraestructuras afectadas. De todo este panorama las zonas más afectadas son Caraballeda, Macuto, Los Corales, Catia La Mar y Playa Grande; todo esto en La Guaira.
Entre estos miles de heridos y damnificados se encuentra la médico pediatra Rosangela Gudiño Contreras, de 38 años, quien logró ser sacada desde los escombros del edificio Gradisca, en Macuto. La información que se conoce al momento es que cuerpos de socorro la rescataron y fue trasladada a un hospital en Caracas; aún falta por rescatar a su esposo Rancés Araújo y su hijo Matías, de 5 años.
Lea además: Córdoba da a conocer el plan de acción frente al Fenómeno de El Niño
Con el avance de los rescates y la ayuda internacional los venezolanos siguen con la esperanza de que el número de sobrevivientes aumente y el de fallecidos se mantenga. El Gobierno venezolano también ha indicado que desde el momento del sismo se han registrado 302 réplicas. La emergencia humanitaria continúa."
"Estas son las hipótesis del atentado contra activistas venezolanos, heridos a bala en Bogotá",https://www.elheraldo.co/colombia/2025/10/14/estas-son-las-hipotesis-del-atentado-contra-activistas-venezolanos-heridos-a-bala-en-bogota/,"El pasado lunes 13 de octubre, dos ciudadanos venezolanos resultaron heridos, tras ser víctimas de un ataque a bala en el barrio Cedritos, en Bogotá.
L eer más: Condenan a ex funcionaria de Migración que dejaba salir a los menores de edad del país sin los requisitos legales
Las víctimas fueron identificadas como Yendri Velásquez, quien es defensor de derechos humanos, activista LGBTIQ+ y solicitante de refugio en Colombia, según denunció la Defensoría del Pueblo; y Luis Alejandro Peche Arteaga , consultor político venezolano.
De acuerdo con la Policía Nacional, se trató de un “ataque sicarial” en contra de ambos ciudadanos extranjeros. Asimismo, una de las hipótesis principales señala que el ataque buscó intimidar a los activistas para silenciar su labor en Colombia.
Según fuentes citadas por El Tiempo, los investigadores también indicaron que podría tratarse de una estrategia violenta para obligarlos al exilio forzado , y que bajo esta presión abandonen el territorio nacional.
V er también: Modifican el puente festivo de Reyes 2026 por la Ley Emiliani: ¿cuándo se celebra la nueva fecha y por qué?
La Fiscalía y la Policía evalúan varias evidencias para esclarecer los hechos, entre ellas el uso de armas traumáticas y la cercanía entre las víctimas y los atacantes. De igual manera, el carro abandonado en Suba , donde se desplazaron los atacantes, ya que adentro del vehículo las autoridades no hallaron armas de fuego convencionales.
De acuerdo al medio antes citado, este hallazgo sugiere que el objetivo no era ejecutar un asesinato sino “dejar un mensaje” contundente. “El caso no corresponde al patrón habitual de sicariato” , detalló una fuente vinculada a la investigación.
L e sugerimos: Ministro del Interior, Armando Benedetti, propuso eliminar el 12 de octubre como día festivo: “No hay nada que celebrar”
El Tiempo también señaló que los investigadores descubrieron que los presuntos responsables del ataque armado vivían en el mismo edificio de las víctimas, ocupando el apartamento 204; y los activistas venezolanos residían en el 504.
Esta proximidad, según lo revelado por el medio, facilitó la planificación y el seguimiento previo a los venezolanos, dejando en evidencia la vulnerabilidad del entorno residencial de los afectados."
"Detienen en Panamá a un migrante venezolano, presunto miembro de la banda Tren de Aragua",https://www.elheraldo.co/internacional/2025/09/01/detienen-en-panama-a-un-migrante-venezolano-presunto-miembro-de-la-banda-tren-de-aragua/,"Un migrante venezolano, presunto miembro de la banda transnacional Tren de Aragua y que mantenía una alerta emitida por Estados Unidos, fue detenido en Panamá por la policía fronteriza cuando intentaba regresar de manera voluntaria a su país de origen, según informaron este lunes las autoridades panameñas.
Leer también: Maduro dice que 1.200 misiles de Estados Unidos apuntan a Venezuela
El venezolano de 28 años “fue aprehendido por unidades del Tercer Batallón Pacífico del Servicio Nacional de Fronteras en conjunto con personal del Servicio Nacional de Migración, durante un proceso de verificación a través del sistema de registro biométrico”, señaló el Servicio Nacional de Fronteras (Senafront/ Policía fronteriza).
Fue detenido cuando intentaba regresar a Venezuela, en el marco del flujo migratorio hacia el sur, en la remota comunidad de Jaqué, en provincia de Darién, la frontera natural con Colombia usada hasta el año pasado como ruta desde Sudamérica para llegar hasta Estados Unidos, según confirmó a EFE una fuente oficial.
El migrante “se encontraba de manera irregular en territorio panameño y, tras la verificación, se confirmó que mantenía una alerta emitida por el Gobierno de los Estados Unidos, por su presunta vinculación como miembro del grupo criminal conocido como el Tren de Aragua”.
Las autoridades señalaron que “se dirigía hacia su país de origen en retorno voluntario” pero que, “al momento de su verificación, mantenía en su poder los siguientes indicios: un teléfono celular, dos envoltorios con posible sustancia ilícita ( presuntamente marihuana ), una pipa para fumar y un encendedor”.
Así, “fue puesto a disposición de las autoridades competentes para los trámites correspondientes”, según la información oficial.
El 3er BATPAC en seguimiento a la Operación Falange IV, aprehendió a un ciudadano venezolano con alerta internacional por presunta vinculación al grupo criminal Tren de Aragua. Se le incautó presuntas sustancias ilícitas y quedó a disposición de las autoridades. #PlanFirmeza 🇵🇦 pic.twitter.com/NGJmCoYAms
El Tren de Aragua es una banda transnacional con origen en Venezuela, país que recientemente mantiene tensión con Estados Unidos ante el nutrido despliegue militar estadounidense en el Caribe para combatir el tráfico de drogas.
Más de 13.200 migrantes irregulares han ingresado a Panamá en lo que va de año, en su tránsito de regreso hacia el sur del continente, tras haber visto frustrado su intento de llegar a Estados Unidos, según las autoridades de Panamá.
Importante: Ecuador anuncia que pedirá visa temporal a 45 países: ¿Colombia está en el listado?
Las Defensorías del Pueblo de Costa Rica, Panamá y Colombia cifran en más 14.000 las personas retornadas desde México y Estados Unidos en lo que va de 2025, lo que, según alertan, sería una crisis humanitaria creciente en la región por el aumento de la migración inversa.
Hasta 2024, la peligrosa selva del Darién era una ruta atravesada a diario por centenares de migrantes intentando llegar a Estados Unidos en busca de una mejor calidad de vida.
Sin embargo, una batería de políticas implantadas por el Gobierno de José Raúl Mulino para frenar ese flujo, como el cierre de pasos no autorizados y vuelos de retorno, sumado a las duras medidas del nuevo presidente estadounidense, Donald Trump , redujeron drásticamente ese paso de migrantes por el Darién.
En total, en lo que va de año, 2.934 cruzaron la selva del Darién, la mayoría en enero, 2.229, mientras que el pasado julio lo hicieron solo siete personas, frente a los 302.000 que cruzaron en 2024 o los más de 520.000 en 2023.
Ahora, los migrantes buscar retornar al sur, acumulándose en las comunidades caribeñas de Panamá mientras esperan los barcos que los crucen hasta el punto más cercano de la frontera con Colombia."
“Estábamos listos para entregar soluciones reales a los migrantes en Barranquilla”: asociaciones venezolanas,https://www.elheraldo.co/atlantico/2025/04/11/estabamos-listos-para-entregar-soluciones-reales-a-los-migrantes-en-barranquilla-asociaciones-venezolanas/,"La decisión del presidente Gustavo Petro de quitarle a Barranquilla la sede del Foro Global sobre Migración y Desarrollo (FMMD) ha generado un ambiente preocupante en distintos sectores que tenían una participación activa y estrecha con el evento que se tenía previsto para el 11 al 13 de junio de 2025.
Faltando cerca de dos meses, el jefe de Estado asignó a Riohacha como el epicentro que reunirá a cancilleres, extranjeros, y expertos para dialogar y cooperar sobre políticas y prácticas que vinculen la migración con el desarrollo. Pero más allá de cambiar un lugar, con esta decisión inició un efecto dominó que cayó sobre las asociaciones de venezolanos que hacen parte del comité local del magno foro.
Le puede interesar: Es un duro golpe para la ciudad: Intergremial Unidos por el Atlántico tras cambio de sede del foro global
Dentro de las asociaciones que están detrás de la organización del evento, se encuentran Venezolanos en Barranquilla, Fundación de Panas Que Sí, Fundación Empodérame, Corporación Cleo, Red de Mujeres, Identidad Diversas, Sembrando Saberes para la Paz, Entralazadas Machis, Rostro Caribe y Susana de León, representante de la Oficina de Migración de la Gobernación del Atlántico.
Esta casa editorial consultó a 4 agrupaciones encargadas, y sus representantes manifestaron rechazo y preocupación por la decisión del presidente. Una iniciativa que muchos coincidieron en catalogarla como apresurada, improvisada e irrespetuosa para con los extensos meses de trabajo que ya habían adelantado.
Pilin León, presidenta de Venezolanos en Barranquilla , una organización conformada por refugiados e inmigrantes venezolanos, expresó preocupación por el traslado del Foro, ya que considera que afecta seriamente la planificación, especialmente en términos de transporte, alojamiento y coordinación de actividades.
“Lo que nos llama poderosamente la atención es el aspecto logístico: ¿cómo no tienen en cuenta las facilidades que ofrece una ciudad como Barranquilla para recibir dignamente a tantas personas que vienen del exterior? (...) Sé que desde la organización central aún no se habían emitido todas las invitaciones ni los pasajes, pero deben estar ahora reorganizando todo el tema de conexiones de vuelos, transporte terrestre, y demás. Todo eso se ve seriamente afectado”, puntualizó la encargada.
Además: “Falta de seriedad”: Intergremial Atlántico a Petro por quitarle a B/quilla la sede de foro global sobre migración
La representante manifestó que ya estaban organizando las ponencias de la sociedad civil, se encontraban recibiendo solicitudes de participación en el foro, enviando invitaciones, y estudiando las voces que representarían las distintas problemáticas que enfrentan migrantes y refugiados en el mundo
“Justamente, estábamos trabajando en la agenda de la sociedad civil y en la integración de otras ONG que hacen vida en Colombia y que también tienen experiencia en estas temáticas”, agregó.
Y añadió: “Si el foro se realiza, por supuesto que vamos a tener voz allí. La sociedad civil va a hablar, y con mucho gusto vamos a colaborar con las demás diásporas que participen. Pero, personalmente, me parece una decisión al menos apresurada”.
Por otra parte, el delegado de la Fundación Empodérame , Andrés Soto, calificó esta decisión como una improvisación y “una falta de respeto”, puesto que habían hecho construcciones de propuestas con enfoque territorial en Barranquilla.
“Muchas organizaciones de la sociedad civil estaban listas para entregar soluciones reales y concretas a las personas que viven en Barranquilla. Y eso es lo que debe buscar un foro como este: impactar directamente a quienes más lo necesitan, en su propio territorio. Ahora, con el cambio de sede, habría que empezar de nuevo a estudiar la situación de los migrantes en Riohacha, porque no es lo mismo”, dijo Soto.
Lea también: Tránsito de Barranquilla dispondrá 150 uniformados para Semana Santa
Asimismo, advirtió que el cambio afecta la eficacia del foro, al perderse el impacto directo en los territorios que han trabajado por meses para este evento, especialmente aquellos con una alta población migrante como Barranquilla.
A propósito, Thailer Fiorillo, director de la Fundación De Panas Que Sí , señaló que esta decisión afecta la visibilidad del trabajo que realizan organizaciones como la suya en favor de la población migrante, especialmente venezolana y colombiana retornada.
Y confesó que  el cambio limita su participación debido a la falta de recursos para trasladarse, por lo que pierde una oportunidad clave para mostrar avances, necesidades y desafíos ante la cooperación internacional.
“Este evento era una ventana muy importante para mostrar lo que hemos hecho, lo que estamos haciendo y, sobre todo, lo que aún falta por hacer”, reveló.
Fiorillo considera que esta situación se agrava aún más teniendo en cuenta la disminución del apoyo de la cooperación internacional, por lo que observa este veredicto con preocupación, ya que, en definitiva, “está afectando visiblemente a todas las organizaciones que formamos parte del evento”, destacó.
Finalmente, Cecile Lavergne, directora y fundadora de la ONG Cleo , percibe una falta de compromiso del gobierno colombiano al no darle la importancia a este espacio internacional.
Otras noticias: Entregarán 4.000 plántulas de palma areca para celebrar el Domingo de Ramos con sostenibilidad
“Mi análisis es que este foro coincide con el cierre del ciclo de presidencia de Colombia en esta cumbre. Y siento que, como estamos al final del ciclo, no se le está dando la prioridad que merece. Cuando un país inicia su presidencia, la actitud es distinta. Pero ahora, lamentablemente, se le está restando importancia a un espacio clave, donde podrían lograrse acuerdos e impulsar debates necesarios”, finalizó la directora."
Migración Colombia realizará jornadas especiales en Barranquilla,https://www.elheraldo.co/atlantico/2025/04/05/el-permiso-de-proteccion-temporal-es-una-llave-para-acceder-a-servicios-martha-hernandez/,"En aras de promover la protección, el acceso a los derechos y la integración socioeconómica de la población migrante venezolana en el país, un grupo de Migración Colombia se desplazará a Barranquilla para entregar Permisos de Protección Temporal (PPT) a esta población.
La jornada se cumplirá entre los días 7 y 9 de abril en el Estadio Édgar Rentería , desde las 8:00 a. m., hasta las 3:00 p. m. Además, dentro de las actividades se encuentra una feria de servicios destinadas a aquellos migrantes que ya cuentan con PPT o están en proceso para obtenerlo.
Cabe destacar que las jornadas se realizarán dentro del proyecto ‘Acciones comunitarias para garantizar la protección, la inserción sociolaboral y la efectividad de derechos de la población migrante venezolana en Colombia’.
Lea también: Distrito adelanta proceso pedagógico sobre manejos de residuos
Martha Hernández, directora general (e) de Migración Colombia, le contó a EL HERALDO los beneficios esenciales a los que accederá esta población una vez obtengan sus permisos. Asimismo, detalló acerca del panorama de los migrantes venezolanos en el territorio colombiano.
El Permiso de Protección Temporal obedece a la implementación del Estatuto de Protección Temporal que el Gobierno nacional estableció para la población migrante venezolana. Este Gobierno está trabajando fuertemente en su política migratoria integral para no solo continuar con el proceso de regularización de la población inmigrante venezolana, sino también lograr una integración efectiva en el sistema de educación, salud, empleo y bancarización. Se busca que estos servicios garanticen los derechos de la población inmigrante venezolana y sean una realidad.
Con el reciente decreto del presidente se ha creado el PEP Tutor , dirigido a aquellos adultos responsables de niños, niñas y adolescentes que, al 31 de diciembre del 2023, realizaron el trámite de PPT o ya cuentan con el documento. Esto permite que los padres, tutores y representantes legales de estos menores también puedan acceder al sistema.
Lea también: Distrito entrega nueva sala informática en la IED Betania Norte
Sí, cualquier venezolano puede asistir. Sin embargo, solo los que tengan los Permisos de Protección Temporal podrán asistir a la feria de servicios. Aun así, quienes no tengan documentos pueden acudir para ser caracterizados por Migración Colombia y evaluar si existe alguna alternativa para regularizar su situación.
El migrante debe llevar un documento de identificación, ya que Migración Colombia cuenta con su información y le hará entrega del Permiso de Protección Temporal. Sin embargo, es necesario presentar un pasaporte válido o una cédula para verificar su identidad y hacer el proceso más rápido y efectivo.
Estarán presentes entidades como el Sena, el Ministerio de Salud , la Secretaría de Salud de Barranquilla, la Secretaría de Educación y representantes del sistema bancario. Esta feria busca garantizar el acceso a los servicios para quienes ya están regularizados o en proceso de regularización. Cabe resaltar que cuenta con financiamiento de la Agencia Española de Cooperación Internacional para el Desarrollo (AECID) y será liderada por la Gobernación del Atlántico y la Alcaldía de Barranquilla.
Actualmente, en Colombia hay aproximadamente 2.8 millones de inmigrantes venezolanos. De ellos, más de 2 millones están regularizados, incluyendo unos 61.000 que tienen cédula de extranjería. Más de 1.9 millones han obtenido el Permiso de Protección Temporal, lo que les permite acceder al sistema de salud, educación, bancarización y oferta laboral. Además, más de 300.000 ciudadanos venezolanos están en proceso de regularización y recibirán su permiso en jornadas como la que se llevará a cabo en el estadio de béisbol de Barranquilla. Actualmente, hay cerca de 450.000 ciudadanos venezolanos en situación irregular en Colombia, una proporción relativamente baja.
Lea también: Contraloría insta a ajustar la focalización de los subsidios de energía y gas
Situación irregular es cuando ciudadanos venezolanos que ingresaron al país no se reportan en el sistema. Aunque tenemos información parcial de algunos de ellos, no accedieron al sistema de manera oportuna o no han sido beneficiarios del Permiso Especial de Permanencia .
Esperamos que aproximadamente 180.000 personas asistan a la feria de servicios, la mayoría de ellas residentes en Barranquilla. Actualmente, 129.000 personas en el Atlántico ya tienen su Permiso de Protección Temporal , y queremos que se acerquen a la feria para acceder a oportunidades laborales, bancarización, salud y educación. También buscamos que, quienes aún no tienen su permiso, lo reclamen, ya que es la llave para acceder a estos servicios."
Entregarán Permisos de Protección Temporal a migrantes venezolanos en Barranquilla,https://www.elheraldo.co/atlantico/2025/04/03/entregaran-permisos-de-proteccion-temporal-a-migrantes-venezolanos-en-barranquilla/,"En aras de promover la protección, el acceso a los derechos y la integración socioeconómica de la población migrante venezolana en Colombia, el despacho de Migración se desplazará a la capital del Atlántico para entregar Permisos de Protección Temporal (PPT) a esta población.
Le puede interesar: Subsidios de energía deben llegar a los usuarios que realmente lo necesitan: Contralor General
Estos documentos se otorgarán este 7, 8 y 9 de abril en el Estadio Édgar Rentería , desde las 08:00 a. m., hasta las 3:00 p. m. Las jornadas se realizan dentro del proyecto ‘Acciones comunitarias para garantizar la protección, la inserción sociolaboral y la efectividad de derechos de la población migrante venezolana en Colombia’.
Los PPT permiten a los migrantes acceder a servicios esenciales como salud, educación, bancarización, Sistema de Identificación de Potenciales Beneficiarios de Programas Sociales (Sisbén) y empleabilidad. Estos documentos, además, obedecen a la implementación del Estatuto de Protección Temporal, que el Gobierno estableció para esta población.
“Se busca que estos servicios garanticen los derechos de la población migrante venezolana y sean una realidad. En ese sentido, Migración Colombia , como autoridad migratoria, debe desarrollar estas políticas establecidas en nuestro Plan Nacional de Desarrollo y garantizar su cumplimiento”, manifestó a EL HERALDO la directora de Migración Colombia, Martha Hernández.
Además: Alerta preventiva por fiebre amarilla, tos ferina y sarampión
De acuerdo con la encargada, en Colombia hay aproximadamente 2.8 millones de migrantes venezolanos . De ellos, más de 2 millones están regularizados. A su vez, más de 1.9 millones han obtenido un PPT, lo que les ha permitido acceder a los beneficios mencionados.
Adicionalmente, 300.000 ciudadanos venezolanos están en proceso de regularización , y hay cerca de 450.000 en situación irregular, es decir, que no están registrados en el sistema de Migración Colombia.
Para esta jornada, la entidad espera recibir a 186.000 migrantes en la feria de servicios, la gran mayoría de los cuales residen en Barranquilla.
“Actualmente, 129.000 personas en el Atlántico ya tienen su Permiso de Protección Temporal, y queremos que se acerquen a la feria para acceder a estas oportunidades. También buscamos que quienes aún no tienen su permiso lo reclamen, ya que es la llave para acceder a estos servicios. Este esfuerzo es un trabajo conjunto con la Alcaldía de Barranquilla, la Gobernación del Atlántico y la cooperación internacional”, expresó la directora.
Esta invitación va destinada tanto a los venezolanos que recibieron un correo electrónico o llamada de Migración, como a los que no, ya que se fomentan estos espacios para evaluar alternativas para regularizar la situación de los que no están registrados.
Lea también: ¿Dónde estudian los 2 mil becados del Gimnasio Americano del Atlántico?
En caso de que asista, deberá llevar un documento de identificación , pasaporte válido (incluso si está vencido) o una cédula que valide su identidad, para agilizar el proceso de entrega del Permiso de Protección Temporal.
Finalmente, estas actividades cuentan con el apoyo financiero de la Agencia Española de Cooperación Internacional para el Desarrollo (Aecid) . Por otro lado, las personas que ya tengan su documento podrán participar en una feria de servicios, la cual se realizará con el apoyo de la Alcaldía de Barranquilla y la Gobernación del Atlántico."
Entregarán permisos de protección temporal a migrantes venezolanos en Barranquilla,https://www.elheraldo.co/atlantico/2025/04/07/entregaran-permisos-de-proteccion-temporal-a-migrantes-venezolanos-en-barranquilla/,"Migración Colombia entregará desde este lunes 7 de abril hasta el miércoles 9 los permisos de protección temporal a migrantes venezolanos en la ciudad.
Lea aquí: El impulso de la zona portuaria para el progreso de la Arenosa
La distribución tendrá lugar en las instalaciones del Estadio Édgar Rentería , en un horario comprendido entre las 8:00 de la mañana y las 3:00 de la tarde. Paralelamente, se llevará a cabo una feria de servicios destinada a quienes ya poseen el PPT.
Esta iniciativa hace parte del programa denominado “Acciones comunitarias para garantizar la protección, la inserción sociolaboral y la efectividad de derechos de la población migrante venezolana en Colombia”, que busca mejorar las condiciones de vida de esta comunidad.
Los PPT permiten a los migrantes acceder a servicios esenciales como salud, educación, bancarización, Sistema de Identificación de Potenciales Beneficiarios de Programas Sociales (Sisbén) y empleabilidad.
Lea también: Conservar ecosistemas, la clave para el progreso ambiental
Estos documentos, además, obedecen a la implementación del Estatuto de Protección Temporal que el Gobierno estableció para esta población.
“Se busca que estos servicios garanticen los derechos de la población migrante venezolana. En ese sentido, Migración Colombia, como autoridad migratoria, debe desarrollar estas políticas establecidas en nuestro Plan Nacional de Desarrollo y garantizar su cumplimiento”, manifestó a EL HERALDO la directora de Migración Colombia, Martha Hernández.
La invitación a la feria va destinada a los venezolanos que recibieron un correo electrónico o llamada de Migración; sin embargo, los que aún no cuentan con los PPT, en este espacio podrán evaluar si existe alguna alternativa para regularizar su situación.
En caso de que asista, deberá llevar un documento de identificación, pasaporte válido o una cédula que valide su identidad, para agilizar el proceso de entrega del Permiso de Protección Temporal.
Además: La consolidación como un referente regional en atención en salud
Cabe resaltar que estas actividades cuentan con el apoyo financiero de la Agencia Española de Cooperación Internacional para el Desarrollo (Aecid).
Por otro lado, las personas que ya tengan su documento podrán participar en una feria de servicios que se realizará con el apoyo de la Alcaldía de Barranquilla y la Gobernación del Atlántico.
“En esta feria de servicios, que cuenta con financiamiento de la Agencia Española de Cooperación Internacional para el Desarrollo (Aecid) , podrán participar quienes ya tengan el permiso o estén en proceso de recibirlo. Además, estarán presentes entidades como el Sena, el Ministerio de Salud, la Secretaría de Salud de Barranquilla, la Secretaría de Educación y representantes del sistema bancario”, explicó la funcionaria.
De acuerdo con la encargada, en Colombia hay aproximadamente 2.8 millones de migrantes venezolanos. De ellos, más de 2 millones están regularizados. A su vez, más de 1.9 millones han obtenido un PPT, lo que les ha permitido acceder a los beneficios mencionados.
Adicionalmente, 300.000 ciudadanos venezolanos están en proceso de regularización, y hay cerca de 450.000 en situación irregular, es decir, que no están registrados en el sistema de Migración Colombia.
“Situación irregular se refiere a ciudadanos venezolanos que ingresaron al país y no se reportaron en el sistema. Aunque tenemos información parcial de algunos de ellos, no accedieron al sistema de manera oportuna o no han sido beneficiarios del Permiso Especial de Permanencia”, amplió la directora.
Para esta jornada, la entidad espera recibir a 186.000 migrantes en la feria de servicios, la gran mayoría de los cuales residen en Barranquilla.
“Actualmente, 129.000 personas en el Atlántico ya tienen su Permiso de Protección Temporal, y queremos que se acerquen a la feria para acceder a estas oportunidades”, expresó la funcionaria.
Y finalizó: “También buscamos que quienes aún no tienen su permiso lo reclamen, ya que es la llave para acceder a estos servicios” ."
Requisitos para acceder a permisos de protección temporal a migrantes venezolanos en Barranquilla,https://www.elheraldo.co/barranquilla/2025/04/08/requisitos-para-acceder-a-permisos-de-proteccion-temporal-a-migrantes-venezolanos-en-barranquilla/,"Desde el pasado lunes 7 de abril Migración Colombia empezó a entregar decenas de permisos de protección temporal (PPT) a migrantes venezolanos en Barranquilla. Durante la jornada se pudieron observar largas filas a las afueras del estadio Edgar Rentería, las cuales se extendían hasta la vía 40, diagonal al puente de La María.
En el recinto deportivo no solo estaban personas interesadas en acceder por primera vez a su PPT o renovarlo, sino también todos aquellos ciudadanos que deseaban acceder a los beneficios que este certificado les brinda. Entre ellos se encuentran el acceso a salud, educación, bancarización, Sistema de Identificación de Potenciales Beneficiarios de Programas Sociales (Sisbén) y empleabilidad.
Estos documentos, además, obedecen a la implementación del Estatuto de Protección Temporal que el Gobierno estableció para esta población.
“Se busca que estos servicios garanticen los derechos de la población migrante venezolana. En ese sentido, Migración Colombia, como autoridad migratoria, debe desarrollar estas políticas establecidas en nuestro Plan Nacional de Desarrollo y garantizar su cumplimiento”, manifestó a EL HERALDO la directora de Migración Colombia, Martha Hernández.
La jornada continuará este martes 8 de abril y miércoles 9 de abril, desde las 8:00 de la mañana y las 3:00 de la tarde.
Esta iniciativa está dirigida a los venezolanos que recibieron un correo electrónico o llamada de Migración; sin embargo, los que aún no cuentan con los PPT, en este espacio podrán evaluar si existe alguna alternativa para regularizar su situación.
Los asistentes deben llevar un documento de identificación, pasaporte válido o una cédula que valide su identidad, para agilizar el proceso de entrega del Permiso de Protección Temporal.
Por otro lado, las personas que ya tengan su documento podrán participar en una feria de servicios que se realizará con el apoyo de la Alcaldía de Barranquilla y la Gobernación del Atlántico.
“En esta feria de servicios, que cuenta con financiamiento de la Agencia Española de Cooperación Internacional para el Desarrollo (Aecid), podrán participar quienes ya tengan el permiso o estén en proceso de recibirlo. Además, estarán presentes entidades como el Sena, el Ministerio de Salud, la Secretaría de Salud de Barranquilla, la Secretaría de Educación y representantes del sistema bancario”, explicó la funcionaria.
De acuerdo con la encargada, en Colombia hay aproximadamente 2.8 millones de migrantes venezolanos. De ellos, más de 2 millones están regularizados. A su vez, más de 1.9 millones han obtenido un PPT, lo que les ha permitido acceder a los beneficios mencionados.
Adicionalmente, 300.000 ciudadanos venezolanos están en proceso de regularización, y hay cerca de 450.000 en situación irregular, es decir, que no están registrados en el sistema de Migración Colombia.
“Situación irregular se refiere a ciudadanos venezolanos que ingresaron al país y no se reportaron en el sistema. Aunque tenemos información parcial de algunos de ellos, no accedieron al sistema de manera oportuna o no han sido beneficiarios del Permiso Especial de Permanencia”, amplió la directora.
Para los tres días de la jornada, la entidad espera recibir a 186.000 migrantes en la feria de servicios, la gran mayoría de los cuales residen en Barranquilla.
“Actualmente, 129.000 personas en el Atlántico ya tienen su Permiso de Protección Temporal, y queremos que se acerquen a la feria para acceder a estas oportunidades”, expresó la funcionaria.
Y finalizó: “También buscamos que quienes aún no tienen su permiso lo reclamen, ya que es la llave para acceder a estos servicios”."
