Titulo,Categoria,URL,Cuerpo
Migrantes en Bello: así deben actualizar sus datos para no perder el servicio de salud,Venezuela,https://www.elespectador.com/mundo/venezuela/migrantes-en-bello-antioquia-asi-deben-actualizar-sus-datos-para-no-perder-el-servicio-de-salud/,"Audio generado con IA de Google La Alcaldía de Bello, en el departamento de Antioquia, le pide a la población migrante venezolana que reside en el municipio que realice la actualización obligatoria de su acreditación de permanencia del Régimen Subsidiado antes del 30 de junio de 2026. Esta medida busca evitar la suspensión masiva de los servicios médicos para miles de familias que dependen de esta cobertura. Según los reportes oficiales, el trámite es indispensable para validar la residencia actual y el cumplimiento de las normativas nacionales vigentes. De acuerdo con la Secretaría de Salud local, existen actualmente 10.387 migrantes venezolanos registrados de manera legal y afiliados al sistema de salud en el municipio que deben cumplir con este requisito. La normativa nacional exige que esta gestión se lleve a cabo cada cuatro meses para garantizar que el beneficiario y su núcleo familiar mantengan el acceso a citas, medicamentos y urgencias. Le recomendamos: Un platillo volador nazi? 5 preguntas que dejan los documentos sobre ovnis del Pentágono Para asegurar la continuidad en la prestación del servicio, los interesados deben recopilar una serie de documentos que certifiquen su permanencia en Bello. No basta con estar registrado previamente. La actualización requiere demostrar el domicilio actual, lo cual se puede hacer a través de una factura de servicios públicos del último mes, un contrato de arrendamiento vigente, la encuesta del Sisbén (con máximo un mes de expedición), una declaración extrajuicio o un certificado de vecindad. También debe presentar una copia del Permiso de Protección Temporal (PPT). La rigurosidad en los documentos responde a la necesidad de asegurar que los recursos de salud se asignen correctamente en el territorio. Las autoridades han sido enfáticas en que el incumplimiento del plazo derivará automáticamente en la desactivación del servicio médico. Los interesados tienen hasta el 30 de junio de este año para llevarlo a cabo y evitar quedarse sin cobertura”. Para facilitar el proceso, se han dispuesto puntos físicos donde se recibe la documentación de manera presencial. Los ciudadanos pueden acercarse a las sedes de la E.S.E. Bello Salud o dirigirse a la oficina de Atención al Usuario de la Secretaría de Salud, situada en el barrio Mánchester, en la calle 45 A # 49B-56. Los horarios establecidos son de lunes a jueves, de 8:00 a. m. a 12:00 m. y de 1:00 p. m. a 5:00 p. m., mientras que los viernes la atención se extiende hasta las 4:00 p. m. La invitación de las autoridades es a no dejar este trámite para el último día y garantizar así el derecho fundamental a la salud. Le recomendamos: “Dos Venezuelas”: una reconciliación pendiente 👀🌎📄 ¿Ya se enteró de las últimas noticias en el mundo? Invitamos a verlas en El Espectador. El Espectador, comprometido con ofrecer la mejor experiencia a sus lectores, ha forjado una alianza estratégica con The New York Times con el 30 % de descuento. Este plan ofrece una experiencia informativa completa, combinando el mejor periodismo colombiano con la cobertura internacional de The New York Times. No pierda la oportunidad de acceder a todos estos beneficios y más. ¡Suscríbase aquí a El Espectador hoy y viva el periodismo desde una perspectiva global! 📧 📬 🌍 Si le interesa recibir un resumen semanal de las noticias y análisis de la sección Internacional de El Espectador, puede ingresar a nuestro portafolio de newsletters, buscar “No es el fin del mundo” e inscribirse a nuestro boletín. Si desea contactar al equipo, puede hacerlo escribiendo a mmedina@elespectador.com"
Petro en EE. UU.: “Hay que avanzar más” en los derechos de los migrantes venezolanos,América,https://www.elespectador.com/mundo/america/petro-en-ee-uu-hay-que-avanzar-mas-en-los-derechos-de-los-migrantes-venezolanos/,"Audio generado con IA de Google En el marco de su visita oficial a Estados Unidos para reunirse con el presidente Donald Trump, el mandatario colombiano, Gustavo Petro, ofreció un balance detallado sobre la situación migratoria y de seguridad en la frontera colombo-venezolana. Petro destacó que, tras la llegada de casi 3 millones de venezolanos a Colombia, el país ha logrado estabilizar a la mitad de esta población, aunque lanzó una advertencia sobre los riesgos sociales de la juventud migrante, cuya integración todavía es un reto. “Vienen de Venezuela de vivir relativamente bien, mirar televisión, jugar softball, comprar en el supermercado y las últimas modas... y de pronto nada”, explicó el mandatario. Según Petro, el choque emocional de pasar de una vida urbana normalizada a dormir en barrios populares donde enfrentan el rechazo es “fatal” para un adolescente. “De ahí sale la violencia”, advirtió, comparando la situación con los conflictos de los jóvenes árabes en París que no se sienten ni franceses ni de su tierra de origen. Pese a este diagnóstico, Petro aseguró que hoy la mitad de la población venezolana en Colombia ya está empleada y aporta a la seguridad social, produciendo riqueza. En efecto, según el reporte de Mercado Laboral de la Población Extranjera (2024-2025) del DANE, la Tasa de Ocupación de los venezolanos en Colombia es del 66.4 %. Por otro lado, Petro advirtió que no se esperaba una nueva ola migratoria. “Nuestras cifras no indican ni una avalancha hacia Colombia como temíamos, ni lo contrario”, señaló, desestimando los temores de una nueva oleada masiva inmediata. Radiografía del migrante en Colombia: la mayoría trabaja y se quiere quedar Durante su intervención, el mandatario colombiano también subrayó que, si bien el Permiso de Protección Especial ha garantizado derechos humanos fundamentales a los migrantes, el objetivo de su gobierno es profundizar este estatus. Petro afirmó ante la administración estadounidense que “hay que avanzar más” en la equiparación de derechos, sugiriendo que la protección temporal es apenas un paso previo hacia una integración ciudadana completa. Las declaraciones de Petro desde Washington, cabe destacar, llegan en un momento difícil paro los venezolanos en Estados Unidos bajo la administración Trump. Tras el fin de las protecciones temporales y el endurecimiento de las políticas de asilo, miles de migrantes de esta nacionalidad han pasado de una relativa estabilidad a la incertidumbre de la deportación masiva. Para evitar que los flujos migratorios se vuelvan “bruscos” nuevamente, Petro propuso una reactivación económica profunda en la frontera colombo-venezolana, una zona donde viven 14 millones de personas con “sangre cruzada”. La estrategia del mandatario colombiano consiste en aprovechar el potencial energético de la región, tanto el solar y eólico como el del subsuelo, para crear núcleos de producción que desactiven los focos de violencia. “Si hacemos ahí una reactivación económica, detenemos cualquier flujo migratorio sorpresivo”, concluyó Petro, planteando que el desarrollo fronterizo es la única respuesta estructural para evitar crisis humanitarias futuras. En materia de seguridad, Petro presentó un análisis basado en mapas satelitales que muestran un cambio drástico en las rutas del narcotráfico. Según el presidente, la eficacia de las autoridades colombianas ha provocado una “migración de la hoja de coca” hacia el sur, convirtiendo a Ecuador en el nuevo epicentro del problema. “Ecuador no está preparada para esta avalancha de narcotráfico. El problema se vuelve Ecuador porque es cada vez más difícil para el narcotraficante sacar cocaína de Colombia”, afirmó. Además, reveló que entregó al presidente Trump un listado con nombres propios de los “capos de primera línea”, aclarando que estos jefes no viven en las selvas colombianas, sino en “ciudades de lujo en el mundo”. Entre ellos mencionó ciudadanos colombianos, mexicanos, albaneses, italianos y estadounidenses. 👀🌎📄 ¿Ya se enteró de las últimas noticias en el mundo? Invitamos a verlas en El Espectador. El Espectador, comprometido con ofrecer la mejor experiencia a sus lectores, ha forjado una alianza estratégica con The New York Times con el 30 % de descuento. Este plan ofrece una experiencia informativa completa, combinando el mejor periodismo colombiano con la cobertura internacional de The New York Times. No pierda la oportunidad de acceder a todos estos beneficios y más. ¡Suscríbase aquí a El Espectador hoy y viva el periodismo desde una perspectiva global! 📧 📬 🌍 Si le interesa recibir un resumen semanal de las noticias y análisis de la sección Internacional de El Espectador, puede ingresar a nuestro portafolio de newsletters, buscar “No es el fin del mundo” e inscribirse a nuestro boletín. Si desea contactar al equipo, puede hacerlo escribiendo a mmedina@elespectador.com"
"“Emigro, luego existo”: la diáspora venezolana narrada desde el grafiti",El Magazín Cultural,https://www.elespectador.com/el-magazin-cultural/emigro-luego-existo-la-diaspora-venezolana-narrada-desde-el-grafiti/,"En la calle 51 con carrera 7, un mural amarillo ocupa gran parte del paisaje por el que pasan miles de bogotanos al día. Además del color vibrante, un transeúnte atento podrá distinguir varios elementos que resaltan a primera vista, dependiendo de la dirección en la que vaya. Posiblemente, para aquellos que caminen de sur a norte, el primer símbolo que identifiquen será el rostro de una de las figuras más distintivas de nuestra época: el presidente estadounidense Donald Trump. El mandatario se encuentra acompañado por un texto que dice..."
“Hemos llegado a Berlín”: la migración venezolana vista desde la infancia,El Magazín Cultural,https://www.elespectador.com/el-magazin-cultural/hemos-llegado-a-berlin-la-migracion-venezolana-vista-desde-la-infancia/,"Entre la incertidumbre y la resistencia, la experiencia migrante venezolana ha encontrado en la cultura distintas maneras de manifestarse ante el mundo. Pero, ¿cómo se ve esta experiencia a través de los ojos de un niño? Esta pregunta fue planteada por el escritor Fanuel Hanán Díaz, quien vio en la literatura una oportunidad para arrojar luz sobre el recorrido que han realizado millones de sus compatriotas a lo largo de estos años, en los cuales el país fue sometido por el régimen de Nicolás Maduro. En esa búsqueda, la pluma de Díaz asumió el..."
Los cambios en la migración de venezolanos a Cúcuta,Más regiones,https://www.elespectador.com/colombia/mas-regiones/lo-que-fue-y-lo-que-ahora-es-la-migracion-de-venezolanos-a-cucuta/,"Audio generado con IA de Google Hace ocho años, María Ospino dejó Venezuela y cruzó la frontera por Cúcuta, en medio del éxodo masivo que llenó las calles de esa ciudad. Ospino trabajaba como enfermera en un hospital en Maracay, estado de Aragua, donde ya no tenía insumos ni condiciones dignas para atender pacientes. Esta es una de las razones que la llevó a decidir salir del país. “Me tocaba prestar los servicios en condiciones demasiado precarias, donde vi muchos niños que prácticamente nos tocaba dejarlos morir porque no había con qué atenderlos y los papás no tenían ni siquiera para comprar una inyección”, recordó Ospino. Llegó a Colombia con la ilusión de ejercer su profesión, pero se encontró con otra realidad: rechazo, estafas, trabajos informales y días en los que vivía con solo pan y café. Junto a ella, miles de venezolanos llegaron a Colombia entre 2017 y 2021, en uno de los éxodos más grandes que se ha presentado (en el país residen más de 2,8 millones de venezolanos, según Migración) y Cúcuta fue uno de los principales puertos de llegada. Por lo que a las altas tasas de desempleo y necesidades insatisfechas en la población nacional, se le sumó la emergencia migratoria, que principalmente atendieron organismos humanitarios e internacionales. Valentina Badillo, quien trabaja en apoyo psicosocial en la Fundación Arduvi, que asiste a venezolanos en condición de vulnerabilidad, recuerda que al principio se trató de una atención humanitaria inmediata. “Era una emergencia. Gente durmiendo en la calle, sin comida, sin baños, sin albergue. Había que responder rápido”, explicó. Ospino fue una de esas personas. El día que llegó la estafaron y perdió todas las cosas de valor que traía para vender. “Me dieron 25 mil pesos y yo pensé que era mucho. Me alcanzó para dos días de arriendo a 10 mil pesos”, mencionó. Por esto, tuvo que dedicarse a trabajos informales, desde vender dulces en la calle hasta trabajar haciendo aseo en viviendas. En el último año, el paso de venezolanos ha bajado radicalmente, en gran parte por la serie de medidas que se han impuesto en Estados Unidos contra la migración, por lo que el tránsito en la frontera de Cúcuta con Táchira ha vuelto a ser pendular, como lo era mucho antes del gran éxodo. Con los cambios han ido desapareciendo las organizaciones de ayuda humanitaria, que no solo han menguado su trabajo por la reducción de personas que cruzan, sino también por la desaparición de la ayuda de USAID y la disminución de la cooperación internacional, principalmente desde que estalló la guerra en Ucrania. A diario se estima que alrededor de 35.000 personas cruzan por los tres puentes internacionales que unen los dos países por esta zona, mientras que los fines de semana la cifra se puede llegar a duplicar. Como los cruces son pendulares, muchos van y vuelven para abastecerse de alimentos y medicinas, mientras que otros viajan para trabajar o estudiar. La migración de venezolanos de todas formas no ha parado. Ya no cruzan alrededor de 150 personas diariamente, como ocurría en 2024, pero sí se mantiene un promedio de dos personas por día, de acuerdo con el observatorio de Migración Irregular en Tránsito de Migración Colombia. A la par, cerca de medio millón de migrantes se han asentado en Cúcuta. En el caso de Ospino, logró obtener la nacionalidad gracias a su padre, que era colombiano. Ese documento le abrió puertas para conseguir un trabajo como cuidadora y luego como auxiliar de enfermería. Los cambios en la migración, sumados a los mencionados, han exigido que asimismo se cambie la respuesta local a la asistencia humanitaria. Las organizaciones que aún sobreviven han adaptado su modelo de atención y ahora se concentran en la inserción laboral y el acompañamiento psicosocial a los venezolanos. “Ya no se trata solo de dar una ración de comida. Se trata de ayudar a las personas a estructurar una hoja de vida, entender sus derechos, sanar los duelos migratorios y construir una vida digna aquí”, explicó Badillo. Sobre esto, Ospino reconoce que el camino no ha sido fácil, especialmente por el rechazo a los migrantes. “Iba a buscar trabajo y me decían que no por ser venezolana. Para arrendar también”. En paralelo persisten barreras para quienes acaban de migrar, tanto por la falta de programas que faciliten su regularización, como las dificultades que siguen existiendo para hacer trámites consulares, la homologación del título de bachiller o el de formación profesional. “Quiero estudiar seguridad ocupacional, pero sin papeles, no me dejan avanzar”, dijo Ospino. A estos problemas se suman las dificultades de acceso a programas de salud, educación formal o de asistencia fuera de los que brindan organismos internacionales, además de los riesgos de caer en la trata de personas y hasta de que los venezolanos sean reclutados por grupos armados. La migración está cambiando, y cada una de sus variables requiere un tipo de atención en particular. Ospino señala que dentro de su plan de vida no está volver a Venezuela. “Por cualquier cosa, simplemente porque a ellos les da la gana, usted tiene que darles plata. Así sean cinco dólares, para que lo dejen pasar tranquilo”, pero ella misma ha visto como varios de sus allegados han decidido regresar ante las dificultades para estabilizarse tras migrar. El tránsito sigue, tanto de salida como de ingreso a Colombia, por lo que no solamente se requiere estructurar planes de atención en fronteras para quienes siguen saliendo, ahora de una forma más reducida y silenciosa, sino también de acogida, pues como lo señala Nastassja Rojas Silva, directora de Amnistía Internacional Venezuela, aunque ya no se vean las mismas cifras de años anteriores, aún se requieren muchas acciones para atender la migración."
"El desafío migratorio no cesa en Maicao, La Guajira",Más regiones,https://www.elespectador.com/colombia/mas-regiones/el-desafio-migratorio-no-cesa-en-maicao-la-guajira/,"El municipio de Maicao, en el norte de La Guajira, se ha convertido en uno de los puntos de llegada y asentamiento de migrantes venezolanos en Colombia. Su ubicación fronteriza lo ha hecho receptora permanente de miles de personas que huyen de la crisis en su país de origen. Esta situación ha desbordado las capacidades institucionales y económicas de un municipio, que es de cuarta categoría. Además, hoy Maicao enfrenta una crisis que se refleja en el colapso de sus servicios públicos. Tanto el agua potable, como el alcantarillado, no llegan a..."
"Trump, Bukele y migrantes venezolanos: una combinación explosiva  ",América,https://www.elespectador.com/mundo/america/trump-bukele-y-migrantes-venezolanos-una-combinacion-explosiva/,"“Él es un buen muchacho y lo puedo demostrar donde sea, puedo demostrar que es un hombre de bien. Pido a todo el mundo que aporte su granito de arena para ver si se conduelen de nuestro dolor. Si fuera un delincuente, yo digo ‘Se lo merece’; pero mi hijo no lo es”. Estas fueron las declaraciones de Mercedes Yamarte, madre de Melvin, uno de los más de 200 ciudadanos venezolanos que Donald Trump negoció enviar a la megacárcel de Nayib Bukele en El Salvador bajo el pretexto de que presuntamente todos pertenecen al Tren de Aragua."
La migración venezolana cambia de ruta,Venezuela,https://www.elespectador.com/mundo/venezuela/la-migracion-venezolana-cambia-de-ruta/,"Audio generado con IA de Google Lejos de detenerse, la migración venezolana sigue en transformación. Hasta el año pasado, los principales destinos elegidos por los venezolanos eran Estados Unidos, Colombia, Perú, Chile y Ecuador, pero las nuevas restricciones migratorias, especialmente las impuestas por EEUU, que impactan directamente en algunos países de la región, han obligado a muchos a replantear sus rutas. En 2025, los flujos migratorios se reconfiguran, abriendo camino a nuevos destinos como España y Brasil, mientras que Colombia sigue siendo un punto clave de acogida de ciudadanos nacionales de Venezuela. La mayoría de los venezolanos que emigra lo hace debido a múltiples factores que han generado una crisis humanitaria compleja en el país. La Oficina del Alto Comisionado para los Refugiados (Acnur) expone que las principales causas de la migración son: crisis económica y social, inseguridad y violencia, persecución política y violación de derechos humanos, así como el colapso de servicios de salud y educación. “La población venezolana no es migrante. Son personas con necesidad de protección internacional”, asegura Ligia Bolívar, investigadora asociada al Centro de Derechos Humanos de la Universidad Católica Andrés Bello (UCAB), responsable del área de derechos de migrantes y refugiados. Tras esta afirmación, Bolívar expone que lo que ocurre “es que los países no han entendido, incluyendo Colombia, que la población venezolana requiere protección internacional” y que por eso se les trata como migrantes regulares y se les aplica las mismas normas que se le fijan a cualquier otra persona que se muda de país. A lo largo de los últimos años, los países receptores de migrantes venezolanos han establecido una serie de medidas mucho más restrictivas en sus políticas migratorias con el objetivo de desalentar y frenar los flujos migratorios; por eso gran mayoría de naciones de la región han establecido el requisito de visas para estos ciudadanos. Ligia Bolívar detalla que las razones de salida de los venezolanos no son las mismas que las de un migrante voluntario que organiza sus cosas, tiene ahorros, que tiene documentos en regla y que puede llegar por vía aérea o marítima a otro país, con su pasaporte: “Es una persona que sale caminando, evadiendo puntos de control, por no tener pasaporte —por ser el más costoso de la región—, viene muchas veces perseguido”, características que lo convierten, insiste, “en persona con necesidad de protección internacional”. A pesar de los obstáculos, la migración venezolana parece que no se detendrá en el corto, mediano o largo plazo, pues la incertidumbre política y la situación económica siguen impulsando a más personas a huir de su país, así lo demuestra un reciente estudio de opinión. La encuestadora Poder y Estrategia encontró en enero de este año que 18% de los venezolanos tiene intenciones de migrar en busca de mejores oportunidades de vida, pero es un dato que crece a 40% cuando se le pregunta a jóvenes entre los 18 y los 30 años de edad, explica el sociólogo Ricardo Ríos, presidente de la consultora. El estudio de campo de esta encuestadora se realizó en ocho grandes ciudades del país: Caracas, Valencia, Maracaibo, Barquisimeto, Puerto La Cruz-Barcelona, San Cristóbal, Barinas y Ciudad Guayana, con una muestra de 1.040 personas. 6% de los consultados dijo estar bien decidido a migrar; 11% manifestó el deseo de irse, pero sin planes claros; 23% afirmó no tener más opciones que quedarse en Venezuela; 16% dijo no tener ganas de emigrar, y 44% aseguró que “definitivamente” se queda en el país. Las severas medidas migratorias tomadas por el presidente de los Estados Unidos, Donald Trump, y hasta la congelación de fondos por medio de la Agencia de los Estados Unidos para el Desarrollo Internacional (Usaid), que también frena programas de migración en países de América Latina y el Caribe, hizo que los venezolanos se replantearan a dónde migrar. Muchos se siguen preguntando: “A dónde me puedo ir, donde tenga calma y no sienta miedo”, comenta una periodista de 28 años de edad que estudia opciones para salir de su país natal en vista de las pocas oportunidades. También se preguntan en qué países pueden regularizarse y trabajar para generar ingresos y costear sus gastos. Hasta septiembre de 2024, muchos de los que manifestaron planes de huir de Venezuela tenían en mente Estados Unidos como destino (27%); sin embargo, este porcentaje descendió a 11% el pasado mes de enero, mientras que España pasó a ocupar el primer lugar de preferencia con 26%. Alberto Uribe, de 33 años de edad, renovó su pasaporte para irse a España a buscar un empleo que le deje mejor salario. Hace siete años se mudó desde Caracas a Cúcuta, huyendo de la profunda crisis económica, “pero ya en Colombia no se hace suficiente dinero para pagar arriendo, comida y vivir bien”, comenta a La Hora Venezuela. Llegará a Tenerife, a casa de unos familiares que ya tienen unos cinco años allá, y dice estar dispuesto a aceptar cualquier empleo que le permita enviar remesas a sus dos hijos pequeños, que dejó en Cúcuta, y “ahorrar algo de dinero”. En Latinoamérica, Brasil es uno de los países que emerge como opción ante los beneficios y la asistencia que otorga a los venezolanos por medio del programa “Operación Acogida”. Solo el año pasado, Brasil otorgó estatus de refugiado a 12.726 venezolanos, número que representa 95% de todas las solicitudes aprobadas en el país. En total, este país ha reconocido a 141.000 venezolanos como refugiados, siendo la nación que más solicitudes de refugio ha aprobado para ciudadanos de Venezuela. Estas condiciones hacen que 16% de los consultados por Poder y Estrategia nombren al gigante de Suramérica como un destino para buscar mejores oportunidades de vida. Colombia es otra de las opciones que los venezolanos mantienen como destino para emigrar este año: 13% de los entrevistados el pasado mes de enero dijo que se mudaría a ese país. Hay quienes han puesto el foco en Chile y Argentina; esta última nación flexibilizó, hace pocos meses, el ingreso y la radicación de migrantes venezolanos con pasaporte o cédula vencidos hasta 10 años; además, autoriza a los niños menores de nueve años a llegar solo con la partida de nacimiento. Por el contrario, Chile pide un listado de requisitos, entre ellos una visa. A tal efecto, la profesora Ligia Bolívar expone que “las opciones migratorias que tienen los venezolanos son las mismas que tiene cualquier otro migrante”. En el sentido estricto, “no es que haya restricciones” especiales, sino que deben cumplir con normativas establecidas para ciudadanos de otras naciones. No obstante, la investigadora del Centro de Derechos Humanos de la UCAB asevera que, aunque las naciones tienen procesos para regularización de migrantes, “muy pocos venezolanos cumplen esos requisitos”, lo que les pone barreras más altas. Por eso, la Agencia de la ONU para los Refugiados (Acnur) ha hecho llamados a los Estados para que “reciban a los venezolanos, para que permitan el acceso a su territorio” y destaca “la importancia fundamental de garantizar el acceso a los procedimientos de asilo y a los mecanismos de protección grupales con las salvaguardias adecuadas”. De la misma manera sostiene que “la mayoría de las personas nacionales de Venezuela se encuentran necesitadas de protección internacional bajo el criterio contenido en la Declaración de Cartagena, sobre la base de las amenazas a su vida, seguridad o libertad resultante de eventos que se encuentran actualmente perturbando gravemente el orden público”. Acnur señala que persisten desafíos, como la inestabilidad económica y la desigualdad social, que dificultan la integración plena de estas personas en las comunidades de acogida. Antes de que Donald Trump asumiera su mandato, los países estaban reduciendo sus niveles de atención excepcional a los migrantes venezolanos y los montos de cooperación internacional para migración estaban por debajo de 30% de lo requerido, de acuerdo a lo estipulado por Acnur. En la actualidad, con la suspensión de la ayuda humanitaria a través de Usaid, “el impacto es enorme y directo porque algunos de los beneficios que se le estaba dando a la población migrante venezolana eran financiados con la cooperación internacional”, resume Ligia Bolívar. Desde el Centro de Derechos Humanos de la UCAB advierten que en procesos migratorios como los que se están dando desde Venezuela, “en condiciones precarias, los riesgos son muy altos, y las personas tienen que estar atentas a no caer en manos de personas que hacen de esto (migración) un negocio y que terminen perjudicadas sus vidas”. También recomiendan informarse sobre el destino que desean tomar, pues es necesario recordar que la migración irregular expone a los venezolanos a riesgos de explotación laboral, trata de personas y violencia de género en los países de tránsito y destino. De acuerdo con datos de la Plataforma de Coordinación Interagencial para Refugiados y Migrantes (R4V), actualizados al 3 de diciembre de 2024, en el mundo había más de 7,89 millones de venezolanos migrantes, que abandonaron su país en busca de protección y mejores condiciones de vida. Aproximadamente, 6,7 millones viven en países de América Latina y el Caribe. Un número significativo de migrantes venezolanos pueden no estar registrados oficialmente en los países de acogida, lo que puede implicar que las cifras reales sean más altas. *El periodismo en Venezuela se ejerce en un entorno hostil para la prensa con decenas de instrumentos jurídicos dispuestos para el castigo de la palabra, especialmente las leyes «contra el odio», «contra el fascismo» y «contra el bloqueo». Este contenido fue escrito tomando en consideración las amenazas y límites que, en consecuencia, se han impuesto a la divulgación de informaciones desde dentro del país. 👀🌎📄 ¿Ya se enteró de las últimas noticias en el mundo? Invitamos a verlas en El Espectador. 🌏📰🗽 Le puede interesar nuestro plan superprémium, que incluye acceso total a El Espectador y a la suscripción digital de The New York Times. ¡Suscríbase! 📧 📬 🌍 Si le interesa recibir un resumen semanal de las noticias y análisis de la sección Internacional de El Espectador, puede ingresar a nuestro portafolio de newsletters, buscar “No es el fin del mundo” e inscribirse a nuestro boletín. Si desea contactar al equipo, puede hacerlo escribiendo a mmedina@elespectador.com"
Gobierno alista cirugía a solicitudes de asilo: hay más de 30 mil procesos estancados,Política,https://www.elespectador.com/politica/asilo-en-colombia-gobierno-petro-alista-cambios-a-solicitudes-de-refugio-hay-30-mil-procesos-estancados-noticias-hoy/,La administración del presidente Gustavo Petro trabaja en una transformación del sistema y las condiciones para que los ciudadanos extranjeros accedan al estatus de refugiados en Colombia. Este diario conoció los documentos y las cifras con los que la Cancillería ajusta los detalles para emitir un decreto que atienda el creciente número de solicitudes que ha generado caos en sus oficinas; todo esto en medio de la agitada relación entre Bogotá y Caracas por cuenta del futuro político de ese país con Nicolás Maduro.
"A orillas de Venezuela, los autores que viven en el exilio",El Magazín Cultural,https://www.elespectador.com/el-magazin-cultural/crisis-en-venezuela-impacto-en-la-literatura-y-el-exilio-de-escritores/,"Audio generado con IA de Google La problemática en Venezuela, que comenzó a gestarse bajo el gobierno de Hugo Chávez y se intensificó con Nicolás Maduro, se ha caracterizado por una hiperinflación, un aumento de la pobreza y una escalada en la delincuencia y la mortalidad infantil. Las violaciones a los derechos humanos y la desnutrición severa han sido una constante, junto con una migración masiva en busca de mejores condiciones de vida. La situación se agravó tras la caída de los precios del petróleo en 2015, exacerbada por la falta de inversión y mantenimiento en la producción petrolera. La respuesta del gobierno de Maduro incluyó la negación de la crisis y la represión violenta de la oposición. Las ejecuciones extrajudiciales por parte de las Fuerzas de Acciones Especiales (FAES) fueron documentadas por la ONU, revelando una represión contra opositores políticos. La crisis también resultó en escasez de productos básicos y medicinas, cierre de empresas, y una masiva emigración hacia otros países. Algunos actores culturales como escritores han tenido que salir de su país en búsqueda de otros lugares para seguir realizando sus obras. En la literatura venezolana reciente, el dilema del destierro se volvió el centro de las narrativas, reflejando la realidad de personajes que enfrentan la incertidumbre de quedarse o irse. Las obras, incluso de autores que permanecen en el país, a menudo presentan personajes que viajan o se ausentan, y se cuestionan si deben partir o quedarse. A pesar de la distancia, los escritores en el exilio buscan retratar la esencia de su patria a través de sus obras, enfrentando la complejidad y el drama de la realidad venezolana. Las voces de los migrantes persisten en dejar una huella de su identidad en cada texto que producen. Estos son algunos autores que han vivido en exilio. Rómulo Gallegos, nacido en Caracas el 2 de agosto de 1884, se vio influenciado por un Venezuela convulsa, que durante el siglo XIX sufrió innumerables revoluciones y cambios de gobierno. Gallegos inició sus estudios de derecho en 1902, pero debió interrumpirlos en 1905 para apoyar a su familia tras la muerte de su madre. Su carrera literaria comenzó a gestarse en 1906 cuando fue designado jefe de la Estación de Tranvía de Caracas, y en los años siguientes, publicó relatos cortos y novelas que reflejaban sus inquietudes sobre la sociedad venezolana. Su obra más destacada, Doña Bárbara (1929), abordó el conflicto entre civilización y barbarie a través de una narrativa rica en simbolismo y crítica social. La trayectoria de Gallegos también estuvo marcada por la política. En 1947, fue elegido Presidente de Venezuela, pero su mandato fue breve debido a presiones políticas, siendo derrocado en 1948. Su oposición a los intereses de las compañías extranjeras y las Fuerzas Armadas llevó a su autoexilio a México, donde vivió hasta la muerte de su esposa en 1950. Posteriormente, pasó tiempo en Cuba antes de regresar a México, donde continuó su trabajo literario. Regresó a Venezuela en 1958 tras la caída de Marcos Pérez Jiménez, pero se retiró de la política. Murió el 5 de abril de 1969, siendo reconocido como uno de los “escritores más importantes” de Venezuela, con premios y homenajes. Laura Cracco, nacida en Barquisimeto, Venezuela, en 1959, es una escritora cuya carrera ha estado marcada por su condición de exiliada. Tras iniciar su trayectoria literaria en los años ochenta, un período de florecimiento de escritoras en Venezuela, Cracco se destacó por su poesía, que cuestionaba los imaginarios comunes y reflexionaba sobre la historia desde una perspectiva femenina. Sus primeros poemarios, Mustia memoria (1984) y Diario de una momia (1989), exploran las culturas grecorromana y egipcia para criticar los mitos fundacionales desde una posición de extranjería, mientras que Safari Club (1993) aborda la crisis del espacio urbano y la desarticulación del lenguaje en un contexto de desintegración social. Tras mudarse a España, Cracco experimentó un giro en su producción literaria. Su obra poética continuó con Lenguas viperinas, bocas Chanel (2009) y, además, se adentró en la narrativa con El ojo del mandril (2014) y África íntima (2017). En estos textos, su enfoque se torna más político y ético, revisando la tradición literaria a través de la memoria y el fragmento, y reflexionando sobre el chavismo en Venezuela y sus efectos tanto en los que permanecieron en el país como en los que emigraron. Su exilio ha enriquecido su obra, permitiéndole abordar temas de poder, instituciones y sus implicaciones a nivel individual y colectivo. A los muchachos que allí mueren en vida. ¿Cómo, las almas quebradas en los sótanos de la Tumba? Cien metros bajo tierra, lejos del sol kilómetros de silencio, en los muros, restos de A+, AB-, O+, B-… «Dios mío, ¿por qué me has abandonado?», clama la carne hecha para el milagro. El mutismo de Dios retumba entre los muros y los soldados vigilan con sus armas que no escape. Nadie sabe cuántos, quiénes, cuándo, dónde. La tumba está en el corazón de la ciudad. El ascensor baja los cinco pisos y sube vacío. Dos por tres metros de soledad vigilada, y el único viento, el que escupe la rejilla: El silencio apenas es perturbado por los vagones del metro sobre la cabeza. Los colores, un esfuerzo de memoria en las celdas inmaculadas Muerte blanca, tortura blanca, lo llaman, blancas como crestas en el mar que un presidiario evoca segundos antes de que la sirena (ah, la sirena noche y día, un modo de decir en un lugar donde no existen noche y día) espante el sueño, las olas, el rostro añorado por él, novio ahora de la muerte. ¿Serán perdonados por la historia? ¿Volverán a caminar entre los vivos? ¿Por qué, Señor, tan vecino en ciertos lugares y tan callado en otros?, persiste, inútil, la pregunta donde la carne fue privada del milagro. Rodrigo Blanco Calderón, nacido en Caracas, Venezuela, en 1981, es un escritor, editor y profesor universitario que ha ganado reconocimiento tanto a nivel nacional como internacional. Su carrera comenzó con la publicación de varios libros de cuentos, incluyendo Una larga fila de hombres (2005), Los Invencibles (2007), y Las rayas (2011), que le valieron diversos premios y menciones. En 2007, fue seleccionado para el grupo Bogotá39, que destacó a los mejores narradores latinoamericanos menores de 39 años, y en 2013 fue escritor invitado al International Writing Program de la Universidad de Iowa. Su relato Emuntorios fue incluido en la revista McSweeney’s en 2014. Su primera novela, The Night (2016), obtuvo el Premio Rive Gauche à Paris, el Premio de la Crítica en Venezuela (2018) y el Premio Bienal de Novela Mario Vargas Llosa (2019). Su obra reciente, Simpatía (2020), ha sido aclamada como una destacada novela sobre la crisis venezolana y el colapso del chavismo. Blanco Calderón ha recibido numerosos premios, incluidos el Premio O. Henry por el cuento Los locos de París en 2023 y el Premio Rive Gauche à Paris en 2016. Actualmente, reside en Málaga, España, y sigue siendo una figura representativa en la literatura latinoamericana. Ángela Molina, nacida en Caracas en 1967, es una poeta venezolana con raíces canarias. Ha publicado varios poemarios, incluyendo Aclaratoria (2013), Imprudencias (2014) y Gula (2016). Su poesía, caracterizada por un estilo intimista, confesional y social, se expresa en verso libre y refleja su formación periodística, adquirida a través de su licenciatura en Comunicación Social y su carrera en el ámbito legal, donde se graduó en Derecho en 2005. Además de sus publicaciones individuales, sus poemas han sido incluidos en antologías como Mujeres 88, Antología poetas canarias (2017) y Palabra y Verso (2015). Molina ha enriquecido su obra con la influencia de destacados poetas venezolanos, como Rafael Cadenas y Armando Rojas Guardia, y ha tomado cursos en la cátedra de Adriano González León. Ha participado en festivales literarios internacionales como “Grito de Mujer” y “Festival Palabra en el Mundo”, y es miembro activo de la Asociación de Escritores y Escritoras Palabra y Verso, la Nueva Asociación Canaria para la Edición (NACE) y el Círculo de Escritores de Venezuela."
Lo que le debo al “Búcaros” de Dudamel,Más regiones,https://www.elespectador.com/colombia/mas-regiones/lo-que-le-debo-al-bucaramanga-de-dudamel/,"Audio generado con IA de Google El fútbol en la Ciudad Bonita no es un factor relevante. Los Leopardos son al torneo local, lo que Colombia es al fútbol internacional. Figuran de vez en cuando, pero cuando lo hacen, dejan huellas inmarcesibles. Así sucedió el pasado 15 de junio, cuando la manada de Dudamel venció a Los Leones del primer campeón de Colombia, Independiente Santa Fe. Dicen los libros especializados que los leopardos son animales solitarios, que no viven en manada, pero los pupilos de Dudamel modificaron esa máxima de la naturaleza y forjaron una familia triunfadora. Las crónicas deportivas recrearon el escenario de esa noche como un diluvio típicamente bogotano. Ahí, con frío, y entre el barro como los gladiadores, un equipo humilde batalló unido y se coronó campeón. El general que salvó la patria futbolera en El Campín no nació en Santander, ni en Colombia. Rafael Édgar Dudamel Ochoa abrió sus ojos transparentes en San Felipe, capital del estado de Yaracuy en Venezuela. Y es que el fútbol es eso, poesía pura. Ya les cuento. En 1973, los reyes magos no llevaron ni incienso, ni mirra ni oro a la familia de María Marisol y Rafael Édgar, pues el 7 de enero de 1973 nació el único técnico que ha podido ofrendarle una estrella al Leopardo bumangués. El recién nacido fue bautizado en honor a su papá. Por aquellos primeros años de la década del setenta, Venezuela tenía la mejor economía del lado sur de América. El futbolero más universal, Eduardo Galeano, escribió en 1971 sobre el terruño de los Dudamel Ochoa: “Este es uno de los países más ricos del planeta […] Ostenta el ingreso per cápita más alto de América Latina, y posee la red de carreteras más completa y ultramoderna; en proporción a la cantidad de habitantes, ninguna otra nación del mundo bebe tanto whisky escocés. Las reservas de petróleo, hierro y gas que su subsuelo ofrece a la explotación inmediata podrían multiplicar por diez la riqueza de cada uno de los venezolanos; en sus vastas tierras vírgenes podría caber, entera, la población de Alemania o Inglaterra”. Los tiempos cambiaron, pero la historia no miente. Cuando Colombia se coronaba año tras año como el campeón mundial del desplazamiento forzoso, a causa de nuestro terrorismo de Estado, guerrillas, paramilitarismo, narcotráfico y demás, Venezuela fue la tierra sudamericana que más compatriotas recibió. Gracias a la patria de Rafael Dudamel, millones de colombianos sobrevivieron al horror de las violencias y tuvieron la oportunidad que su propio país les negó. El éxodo era al revés de lo que es hoy. Remarco esto, porque la xenofobia debe parar. Basta ya de seguir creyendo que éramos el Jardín del Edén antes de la migración venezolana del último lustro. Si nos ponemos serios y comparamos datos puros de víctimas, nos hemos parecido más al panel derecho infernal de El jardín de las delicias de “El Bosco” Jheronimus Bosch. Por eso es tan importante el triunfo de Dudamel y sus jugadores, pues es incontrovertible que el ser humano que más alegría le ha dado a la hinchada búcara es un pana venezolano. Ya está bueno de caer en ese juego maquiavélico de muchos colombianos políticos, patrones, gamonales, periodistas y del común, que demuestran su xenofobia y expectoran que la prostitución, el microtráfico, la inseguridad, el sicariato, hurto y demás problemas sociales de todas las naciones desiguales de Suramérica son de origen exclusivo de los paisanos de Simón Bolívar. Somos hermanos con Venezuela. Tenemos los mismos colores y somos igual de ricos en fauna, flora y gente. Las arepas aquí y allá son exquisitas. El tamal o la hallaca van siempre a la mesa para compartir en familia. La gente es igual de hermosa y alegre. Al final, nuestras músicas son más valiosas que el oro, la coca o el petróleo. Eso sí, compartimos un mal añejo, las élites gobernantes, salvo escasas excepciones de lado y lado, son exactamente igual de abominables. Bucaramanga y su Área Metropolitana es tan clasista como cualquier ciudad de Colombia. La gente de bien solo se distingue en el acento, manos. Dentro de sus camionetas gigantes de estética traqueta no le envidian nada a los clasistas de Bogotá, Barranquilla, Medellín o Cali. Visten igual, huelen igual y en las ferias, los caballos y los tiros al aire, como enseñaron los narcos, son idénticos. Pero el fútbol, al menos durante los cuadrangulares y la final, difuminó esa horripilante división de ciudadanos llamada estratos sociales que encarcela a cada familia de acuerdo a sus ingresos y patrimonios. Si tienes poco, no vales nada. Si ganas mucho, no te mezclas. Al ritmo de “La cumbia de los trapos” toda la ciudad alentó al equipo. Desde los barrios en los que una sola casa tiene más servidumbre que familia, hasta los barrios en los que un pollo asado, que se come en una fecha especial, debe alcanzar para los siete u ocho miembros de la familia. La cumbia propia de los nadies, quienes tanto saben disfrutar la vida sin tanta ínfula arribista, se escuchó: “¡Borracho, yo voy cantando, con mis amigos voy festejando un triunfo más! ¡Loco, por el Leopardo, te sigo a muerte por donde vas, porque la vuelta queremos dar!” La vuelta se dio. La sequía de 75 años se acabó y cada uno brindó con lo que podía, desde guarapo de piña, en totuma, hasta The Macallan 25 Years Old. La banda sonora fue la misma para todos. Incluso en los clubes que siempre le habían negado la entrada a la cumbia villera por nacer en la pobreza, la creación del grupo argentino Yerba Brava, con arreglos propios de las barras leopardas, rugió. La misma vaina sucedió el domingo 16 de junio. Cuando los soldados de Dudamel llegaron al Aeropuerto Palonegro, bebés, niñas, adolescentes, padres, nonas, nonos, santandereanos de todas las edades les rindieron un homenaje, sin precedentes, en las calles. Esto hizo que el recorrido que habitualmente dura 45 minutos, tardara siete horas hasta el coloso de la calle 14, el Estadio Américo Montanini. Aquí, el yaracuyano más colombiano y los suyos intervinieron la historia. Los estadios en América Latina son coliseos de torturas, de asesinatos como sucedió en Chile contra Víctor Jara y los suyos en 1973. E igualmente se padeció en el antes llamado Alfonso López, hoy Américo Montanini, en 1981. Ese año, las balas del Estado colombiano, pagadas con dinero del pueblo, dispararon contra los hinchas del Bucaramanga. El eterno escritor Ryszard Kapuściński sentenció al respecto: “En toda Latinoamérica, los estadios cumplen esta doble función: en tiempos de paz sirven como terreno de juego, y en tiempos de crisis se convierten en campos de concentración”. Colombia firmó la paz y por eso en este 2024 no hubo bala. El Montanini fue el estadio más grande del mundo, pues dentro y fuera se reunieron más de 200.000 personas para llenar de júbilo a los artesanos de la primera estrella del Atlético Bucaramanga. Ojalá las armas no vuelvan y los gritos que antes fueron por torturas, sean, para siempre, por un gol. Durante esas siete horas y hasta el amanecer, la cumbia no dejó de sonar y los hinchas de corear y bailar. Muchos de esos hinchas tienen pasaporte venezolano y en la pista de baile, que fue toda la ciudad, no hubo discriminación por nacionalidad. Fue una parranda dentro de la Gran Colombia que propuso Bolívar. A Dudamel y sus guerreros hay que decirles que, gracias a su fútbol, lograron eliminar por unas semanas la xenofobia y el clasismo. De arma eligieron el balón y el balón impartió, con ritmo sabroso, justicia poética. El fútbol, en definitiva, jamás ha sido solo fútbol. De mi parte, estaré eternamente agradecido con el profe Rafael Dudamel y los suyos. El mayor de mi familia, el nono Cristóbal Caballero, es hincha del Atlético Bucaramanga desde su fundación en 1949. Por décadas llenó el bus 393 de Unitransa, que manejaba como chofer, para cada partido. Viajó a apoyar al equipo por toda Colombia y me llevó al estadio cuando yo ni caminar sabía. Ahora es él quien camina con dificultad y bastón. Así lo llevé a los cuadrangulares. Y el nono, el 15 de junio y con 90 años, me dijo: “mijo, nunca imaginé ver la llegada del hombre a la luna, sobrevivir a una pandemia, que la izquierda gobernara Colombia y al Búcaros campeón”. 🚴🏻⚽🏀 ¿Lo último en deportes?: Todo lo que debe saber del deporte mundial está en El Espectador"
Murió criminalizada en Perú por aborto involuntario; ahora su caso llegará a la ONU,América,https://www.elespectador.com/mundo/america/migrante-murio-criminalizada-en-peru-por-abortar-ahora-su-caso-llegara-a-la-onu/,"Audio generado con IA de Google Cuatro años después de la muerte de Diana Aleman, una migrante venezolana que fue criminalizada en Perú por un aborto espontáneo, su caso vuelve a resonar a nivel internacional. Un grupo de asociaciones civiles presentaron una denuncia ante el Comité para la Eliminación de la Discriminación contra la Mujer (CEDAW), una entidad adscrita a la Organización de Naciones Unidas (ONU), para que se examine la historia de Aleman y se declare la responsabilidad del Estado en su caso. “Acudimos a las instancias internacionales para solicitar justicia y reparación para la familia de Diana (Aleman Díaz) y medidas para que ninguna mujer o persona gestante en el Perú vuelva a vivir lo que Diana y su familia enfrentaron. Entre estas medidas solicitamos la eliminación de las normas que criminalizan el aborto voluntario”, le dijo a El País de España Brenda Álvarez, abogada y presidenta de Justicia Verde, una de las organizaciones que acompañan la denuncia ante la CEDAW. La joven, entonces de 27 años, acudió en julio de 2020 al hospital María Auxiliadora, en el sur de Lima, porque sufrió un aborto espontáneo y necesitaba atención. Allí esperó en el área de ginecología por dos días a recibir cuidados del personal médico. Su esposo, Eudomar González, contó luego que Diana fue sometida a un trato indigno y a amenazas por parte del personal y las autoridades. “Mi vida, estos doctores van a llamar a Serenazgo (patrulla municipal) por lo del aborto. Necesito que me ayudes”, le dijo Aleman a su pareja un día antes de morir. Eudomar dice que no sabían que estaba embarazada: había sufrido una hemorragia y por eso se le llevó al hospital. Las intimidaciones y la presión de las que habría sido víctima Diana, según familiares y la defensa de su caso, la llevaron a saltar del tercer piso del hospital. Su cuerpo fue encontrado en el sótano y se atribuyó su muerte a un suicidio. La familia insiste en que su muerte fue producto del acoso que sufrió. El hospital, que incluso quemó sus pertenencias, se habría tardado horas en informarles a los familiares de lo sucedido. En ese entonces, Susana Chávez, directora ejecutiva del Centro de Promoción y Defensa de los Derechos Sexuales y Reproductivos (Promsex), resaltó que el personal médico no tenía por qué requerirle a la mujer más información sobre su estado. “Los médicos no tienen derecho de exigir ni hacer alguna investigación porque se extralimitaría sus funciones. Si la mujer dice que ha tenido una pérdida espontánea, no pueden perseguirla porque su función es salvar vidas”, le dijo Chávez a El Comercio de Perú. En Perú, destacan las organizaciones que llevaron el caso a instancias de la ONU, los hechos que provocaron la muerte de Diana son producto de “una cadena de negligencias” creadas por las mismas autoridades. “En Perú, el aborto es un delito salvo cuando es el único medio para salvar la vida de la gestante o para evitar un mal grave y permanente en su salud. Además, el artículo 30 de la Ley General de Salud establece expresamente que, cuando existan indicios de aborto criminal, (el médico) está obligado a poner el hecho en conocimiento de la autoridad competente, forzándole así a vulnerar el secreto profesional y la confidencialidad médica. Los hechos que provocaron el fallecimiento de Diana fueron consecuencia de la vigencia conjunta de ambas normas”, señalaron las organizaciones defensoras del caso. Además de pedir la implementación de protocolos para garantizar la confidencialidad de las pacientes, las organizaciones de mujeres piden una reparación que incluya una regularización migratoria y la eliminación de sanciones penales para el aborto voluntario. 📧 📬🎥 El próximo mes tendremos al aire En foco, el newsletter de la sección de video de El Espectador. En este espacio podrán encontrar el resumen de todos nuestros contenidos multimedia: documentales, entrevistas, pódcasts y formatos como La Pulla, El Meollo, Claroscuro, entre otros. Si desea suscribirse, puede ingresar a este enlace y dejarnos sus datos. 📧 📬 🌍 Semana a semana tendremos un resumen de las noticias que nos harán sentir que No es el fin del mundo. Si desea inscribirse y recibir todos los lunes nuestro newsletter, puede hacerlo en el siguiente enlace. 👀🌎📄 ¿Ya se enteró de las últimas noticias en el mundo? Invitamos a verlas en El Espectador. Si le interesan los temas internacionales, quiere opinar sobre nuestro contenido o recibir más información, escríbanos al correo mmedina@elespectador.com o aosorio@elespectador.com"
Perú empieza a exigir pasaporte y visa a venezolanos; las consecuencias no son buenas,Lado a lado,https://www.elespectador.com/responsabilidad-social/lado-a-lado/peru-empieza-a-exigir-pasaporte-y-visa-a-venezolanos-las-consecuencias-no-son-buenas/,"Audio generado con IA de Google A partir de este martes, 2 de julio, Perú le exigirá pasaporte vigente y visa a los ciudadanos y las ciudadanas de nacionalidad venezolana que deseen ingresar al país, según lo comunica la Resolución N° 000121-2024-MIGRACIONES. La medida fue adoptada por el gobierno de la presidenta Dina Boluarte para tratar de reducir los números de la migración venezolana en el país. Sin embargo, expertos advierten que esta acción no cumplirá con el efecto deseado por la mandataria, sino que, por el contrario, hará que aumente la migración irregular. “Lo único que pedimos es que estudien, evalúen los casos para que pueda ser flexible, porque esto puede generar también la desventaja de que ahora el tránsito irregular podría aumentar. Mientras más barreras haya para ingresar, menos pueden acceder a ver quiénes están ingresando al país. Pueden aumentar las entradas de manera irregular”, señaló a la RPP Nela Herrera, presidenta y fundadora de la oenegé Ocasiven, la cual atiende a la población migrante venezolana. En Colombia, donde se tiene un flujo migratorio mayor que el de Perú, expertos en la materia han advertido que este tipo de medidas son un “retroceso” en materia humanitaria. Cuando se sugirió que el Gobierno colombiano iba a adoptar una medida similar en abril de este año, la investigadora sobre migración, María Gabriela Trompetero, dijo que una exigencia así tendría un impacto en el área social, laboral, familiar e incluso económica de las personas migrantes. Trompetero planteaba que esta decisión también dificultaría la participación de las personas migrantes en las próximas elecciones presidenciales de Venezuela. El gobierno parecía desconocer el contexto político del vecino país, por el que miles de personas siguen huyendo de Venezuela. El costo de la renovación del pasaporte venezolano para un adulto puede superar los US$70 en Perú, pero debe pagarse en bolívares al tipo de cambio del día (unos 2.600 bolívares en la actualidad). Este es un costo muy alto, considerando que el salario mínimo en Venezuela está en US$3,60 (unos 150 bolívares) en mayo. Es decir, es prácticamente un lujo poder renovar este documento. Se necesitarían unos 17 salarios mínimos para el trámite. Además, las autoridades venezolanas imponen varios trámites burocráticos para este proceso que dificultan la tarea. Al final, el gobierno colombiano no adoptó una medida de este tipo citando cuestiones humanitarias. Que Perú entre ahora en esta dinámica, debería preocupar a toda la región por los cuellos de botella que puede causar en pasos fronterizos con el Perú, en países como Ecuador, Colombia y Brasil. También por los beneficios que se le otorgan indirectamente a los actores ilegales que sacan provecho de la migración irregular y, finalmente, porque se da un retroceso enorme en el proceso de integración. Después de Colombia, Perú es el país que acoge a la mayor cantidad de migrantes, con aproximadamente 1,5 millones de venezolanos, seguido de Brasil y Ecuador. Para Ronal Rodríguez, investigador del Observatorio de Venezuela de la Universidad del Rosario, “cuando fracasa un proceso de integración no solamente fracasa el proyecto de vida de ese ciudadano venezolano, sino que fracasamos nosotros como país receptor al no poder retener ese bono demográfico que nos traería la migración venezolana”, le dijo a France 24. El Gobierno del Perú y sus autoridades migratorias tampoco han definido cómo se va a actuar frente a los ciudadanos y las ciudadanas de nacionalidad venezolana que no cuenten con visa y pasaporte vigente y que ya estén el país. Solo se ha recordado que se expulsará a aquellos ciudadanos que intenten entregar a las autoridades documentos falsificados, de acuerdo con información del medio peruano RPP. 📧 📬🎥 El próximo mes tendremos al aire En foco, el newsletter de la sección de video de El Espectador. En este espacio podrán encontrar el resumen de todos nuestros contenidos multimedia: documentales, entrevistas, pódcasts y formatos como La Pulla, El Meollo, Claroscuro, entre otros. Si desea suscribirse, puede ingresar a este enlace y dejarnos sus datos. 📧 📬 🌍 Semana a semana tendremos un resumen de las noticias que nos harán sentir que No es el fin del mundo. Si desea inscribirse y recibir todos los lunes nuestro newsletter, puede hacerlo en el siguiente enlace. 👀🌎📄 ¿Ya se enteró de las últimas noticias en el mundo? Invitamos a verlas en El Espectador. Si le interesan los temas internacionales, quiere opinar sobre nuestro contenido o recibir más información, escríbanos al correo mmedina@elespectador.com o aosorio@elespectador.com"
Norte de Santander: territorio fronterizo entre la desigualdad y la esperanza,Columnistas,https://www.elespectador.com/opinion/columnistas/re-imaginemos/norte-de-santander-territorio-fronterizo-que-transita-entre-la-desigualdad-y-la-esperanza/,"Norte de Santander es una región de contrastes. Una región fronteriza y pendular, donde abunda la violencia, la informalidad y la xenofobia; pero también, un territorio de resistencia y de organización social, de personas que saben que los países no terminan en las fronteras, sino que comienzan en ellas, y que, por eso, construyen desde ahí acciones que dignifiquen la vida y hagan posible volver a soñar. El Norte de Santander se caracteriza por tener una amplia y extensa frontera con Venezuela. Hace unas décadas, esto significaba oportunidades de comercio. Hoy, en muchos sentidos, la frontera significa precariedad e instabilidad. Buscar estabilidad en el Norte de Santander es todo un reto. Al no tener un sector industrial o empresarial establecido (como sí lo tiene, por ejemplo, Santander), las oportunidades de empleo, educación y de acceso a financiamiento son bajas, tanto para sus habitantes, como para los migrantes que llegan al departamento."
Béisbol: el deporte que une a colombianos y venezolanos,Más deportes,https://www.elespectador.com/deportes/mas-deportes/beisbol-el-deporte-que-une-a-colombianos-y-venezolanos/,🎬 📸 🎥 ¿Lo último en video?: No se pierda el contenido en video de El Espectador.
El despertar literario que Hugo Chávez frenó y la migración revivió,Lado a lado,https://www.elespectador.com/responsabilidad-social/lado-a-lado/el-despertar-literario-que-hugo-chavez-freno-y-la-migracion-revivio/,"Audio generado con IA de Google Cuando Patricia Heredis y Leo Maita empezaron a estudiar letras en Venezuela, el país ya iba entrando en un proceso de cierre político. Un cierre que pronto fue capturando todas las áreas de la vida, como la lectura. Era imposible no notar este cambio. Especialmente para ellos, que respiraban por la literatura y esperaban algún día vivir de ella. Las librerías, que no eran otra cosa que su verdadero hogar, fueron entrando en un otoño que se ha hecho eterno. Las hojas no han parado de caer desde entonces. “La cantidad de libros que llegaban al país y las condiciones en las que llegaban era diferente. Para nosotros, que en ese momento justo estábamos como en un despertar literario, fue muy evidente que había una diferencia entre lo que veíamos en las librerías antes y lo que se empezó a ver en esos años. Venezuela se fue convirtiendo en una isla en muchos sentidos Y en el sentido del libro no fue diferente”, dice Patricia. Cuando empezó el gobierno de Hugo Chávez, cuentan estos literatos, el exmandatario se esforzó en un inicio en aprovechar la bonanza petrolera para ofrecer un importante avance social y cultural, que repercutió también de alguna forma culturalmente. Se lanzaron concursos para conocer nuevos autores, por ejemplo. “Fue una época en la que se publicó muchísimo”, cuenta Leo. Pero luego vino el cambio que les tocó sufrir. Las editoriales públicas, como Monte Ávila Editores o Biblioteca Ayacuch, fueron poco a poco siendo secuestradas por el proyecto político de Chávez hasta un punto en el que se convirtieron esas editoriales “en panfletos políticos”, rompiendo con la trascendencia literaria importantísima que podían tener no solamente en Venezuela, sino en toda Latinoamérica. Chávez empezó a recortar los fondos para Monte Ávila, por ejemplo, que tuvo que eliminar los costos de traducción de inmediato hasta que cayó en la suspensión total de la distribución internacional. Así fueron llegando menos libros al país. Para los estudiantes de literatura ha sido difícil ese “despertar literario” desde entonces. “Creo que el noventa % de nuestra carrera la hicimos con fotocopias”, cuenta Leo. No se trata solo de que no hay dinero para comprar los libros —y que priman otros gastos básicos como la comida y la vivienda antes—, sino que los libros eran más escasos. Esto, por supuesto, como todas las cosas que pasan en la vida, tiene sus lados buenos y sus lados malos. El lado malo es muy amplio. “Se queda aislado el país prácticamente”, lamenta Patricia. Pero, por otra parte, floreció una nueva industria editorial independiente que trabajaba con muchas dificultades, con unas tiradas muy pequeñas, pero fue muy interesante porque empezaron a surgir muchas cosas que no estaban antes en el país. “La importación de libros empezó a hacer cada vez más difícil y como respuesta, pues ante la necesidad de la gente a la que le interesaban los libros, pues empezó a intentar producir desde adentro”, señala Leo. “Algunos de esos proyectos que se abrieron son la editorial Lugar común, en la que trabajé después, que luego, lamentablemente, se disolvió y se convirtió en el equipo de otra editorial llamada Madera fina”, relata Heredis. Estas librerías independientes empezaron a ofrecer un modelo de librería diferente que se fue extendiendo no solo en el centro, sino también en las provincias, y que creaba no solo un negocio de libros, sino un espacio diferente, que no le pertenecía al Estado, y que les fue despojado a las editoriales, a los libreros y a los lectores. Y cuando todo empezaba a pintar bien llegó otra crisis: la del papel y la migración. Las dificultades de Venezuela para importar papel llevaron al ocaso de muchas editoriales. Y, en paralelo, la crisis económica llevó a la migración de cientos de libreros. No hay cifras claras respecto a la caída de las librerías en Venezuela. Algunos reportes de prensa dicen que para 1998 había 1.000 librerías, unas 300 en Caracas; hoy solo quedarían 200 en provincia y unas 60 en la capital. También dicen que solo el 40 % de estas son enfocadas solo en los libros, y que el resto funcionan como papelerías también. Otros reportes son todavía más pesimistas, y dicen que solo quedan 40 librerías funcionando. Ante este oscuro panorama, salido de las peores pesadillas de una historia de Ray Bradbury, hay una ventana de esperanza para la literatura venezolana. Se trata de las librerías que migrantes como Patricia y Leo están abriendo por el mundo para llevar un pedacito de la literatura nacional al exterior. Esta pareja fundó “Los pequeños seres”, un refugio literario que hoy destaca en el barrio El Rastro de Madrid, España. “El nombre es un homenaje a la novela de Salvador Garmendia —originario de Barquisimeto, Venezuela—. Surgió después de que Patricia y yo veníamos de haber hecho varias suplencias en librerías aquí en Madrid, y apareció una oportunidad muy, muy difícil de tomar. Cuando la tomamos, empezamos con unos libros prestados prácticamente y fuimos abriéndonos camino y dándole más forma a esto que ahora es una librería muy, muy particular, que combina libros nuevos y libros de segunda mano”, dice Leo. “No tenemos una sección especial para autores de Venezuela, porque queremos que la literatura venezolana esté perfectamente integrada con el resto de la literatura universal, que creemos que es el lugar que le corresponde. Lo que sí hacemos es que tenemos en nuestro sistema de gestión, eso sí, una etiqueta en particular de Venezuela, sobre todo por una cuestión práctica. Nos visitan muchos venezolanos que están buscando libros de venezolanos, y pues es una manera como de decirles lo que tengo es esto”, explica Patricia. El proyecto va marchando. En las próximas semanas, de hecho, participarán de la Feria del Libro de Madrid, sobre la que tienen grandes expectativas. Pero Patricia también recuerda que hay más proyectos como el de ella y Leo. La editorial Letra muerta, que sigue funcionando en Venezuela, tiene una sede en Nueva York, Estados Unidos. Ifigenia es otro caso, un café literario que abrió en Buenos Aires, Argentina. Para no ir muy lejos, está la editorial Libros del Fuego en Colombia, fundada en 2013 que expandió sus operaciones al país. Estos tres casos, a cargo de venezolanos, también recuerdan la relevancia de una buena librería y un librero. “Al final es un lugar (la librería) que es importantísimo para los lectores desde muchos puntos de vista, y tal vez la compra no es lo más importante que puede ofrecer la librería. Esto se verifica cada vez más. Cada vez necesitas menos la librería para comprar un libro, pero necesitas cada vez más la librería para muchas cosas, como tener un librero o ver cosas que no te imaginabas que existían”, señala Patricia. No es la primera vez que la literatura enfrentaba un cierre en Venezuela. En los años 70 y 80, cuenta Leo, había gente muy talentosa en el país. Pero cuando ocurrió todo el “boom” de la literatura latinoamericana, Venezuela se quedó ensimismada, encerrada. La bonanza petrolera de entonces condujo a la población a una comodidad general que hizo que no entrara en el ámbito regional. “Venezuela no sonó en el ‘boom’, porque nosotros en Venezuela estábamos tranquilos con un vaso de whisky en la mano y no nos estábamos preocupando por hacernos notar fuera. En cambio, personajes como García Márquez, personajes como Cortazar, bueno, un montón de gente, sí se preocupó por salir de su zona de confort y se hizo notar en el universo hispanohablante total”, relata Leo. Es, por supuesto, un cierre con marcadas diferencias al cierre político actual, pero también habla de la necesidad, de una vez por todas, de una apertura de la literatura venezolana. Como buenos libreros, Patricia y Leo hicieron su trabajo y compilaron una breve lista de recomendados para acercarnos a la literatura venezolana. Estas son sus ofertas: Eduardo Sánchez Rules tiene una novela que se llama “El síndrome de Lisboa”, que es muy interesante, porque es una especie novela postapocalíptica. Ocurre un desastre en el planeta y la historia que vemos es realmente la historia de Caracas, como en una realidad en la que acaba de ocurrir con la pandemia. La historia que vemos en la historia de Venezuela, de un mundo que ya se había acabado hace algunos años. Enrique Bernardo Núñez, que vale muchísimo la pena leer hoy y siempre, tiene una novela que se llama Cubagua en la que planteaba una especie de loop en el tiempo en el que las cosas se repetían una y otra vez. Su rol como historiador es crucial, pues ha visto cómo los ciclos que se repetían en la historia de nuestro país con, bueno, esta obsesión extractivista que tenemos a veces en algunos países subdesarrollados. Y como eso nos obligaba a repetir una y otra vez los mismos errores. Ednodio José Quintero, sobre todo sus cuentos, que muestran su interés por Japón. Su universo está muy contaminado por la cultura japonesa, pero hay un sustrato ahí que permite ver la zona muy rural de Venezuela y es muy interesante esa mezcla entre el aspecto andino y el aspecto japonés. Con estas recomendaciones, se nos ocurrió crear una biblioteca de esas letras que migran. ¿Qué autores o autoras de Venezuela conoce y quiere recomendar? También queremos saber qué libros le han permitido conocer otro país. Envíenos sus comentarios a cgomez@elespectador.com 📧 📬 🌍 Semana a semana tendremos un resumen de las noticias que nos harán sentir que No es el fin del mundo. Si desea inscribirse y recibir todos los lunes nuestro newsletter, puede hacerlo en el siguiente enlace. 👀🌎📄 ¿Ya se enteró de las últimas noticias en el mundo? Invitamos a verlas en El Espectador. Si le interesan los temas internacionales, quiere opinar sobre nuestro contenido o recibir más información, escríbanos al correo mmedina@elespectador.com o aosorio@elespectador.com"
Lo difícil de vivir en arriendo en Bogotá siendo migrante venezolano,Bogotá,https://www.elespectador.com/bogota/lo-dificil-de-vivir-en-arriendo-en-bogota-siendo-migrante-venezolano/,"Vivir en la capital colombiana para un migrante no es cosa fácil. Para cumplir con los $500.000 de arriendo del mes y sostener una calidad de vida digna para sus dos hijos, Rafael Calle, sostiene dos trabajos. En el día se la rebusca como vendedor informal y en la noche, desde las 10:00 p.m. entrega periódicos hasta el amanecer. Vive en una casa en el barrio El Amparo en Kennedy, donde encontró un lugar económico en el que lleva ya unos dos años. En lo que lleva en Bogotá, su familia se ha trasteado dos veces y no piensan volver a hacerlo a..."
María Corina Machado: Maduro me inhabilitó porque sabe que le ganaré,América,https://www.elespectador.com/mundo/america/maria-corina-machado-maduro-me-inhabilito-y-saco-a-la-onu-de-venezuela-porque-sabe-que-le-ganare/,"La candidata presidencial venezolana pidió a los países de América Latina acciones concretas de rechazo frente a los abusos del régimen de Nicolás Maduro, que en las últimas horas expulsó a los delegados de la ONU de Venezuela y aumentó la represión y amenazas contra líderes de derechos humanos e integrantes de su equipo de campaña. La líder de oposición, quien cuenta con el 85 % de aprobación en las encuestas sobre intención de voto pero fue inhabilitada por el régimen para participar en el proceso electoral, dice que Maduro quiere asegurarse de enfrentar a un candidato débil, para mantenerse en el poder. Machado participó en un conversatorio convocado por el director del Partido Nuevo Liberalismo, Juan Manuel Galán, quien demandó garantías para el proceso electoral en Venezuela. Al final del evento, Machado respondió las preguntas del productor general de El Espectador, Élber Gutiérrez Roa."
"Dibujar el nido, un relato ilustrado de la migración venezolana",América,https://www.elespectador.com/mundo/america/dibujar-el-nido-un-relato-ilustrado-de-la-migracion-venezolana/,"Audio generado con IA de Google Crearle un nido, un hogar, a las historias de casi tres millones (a corte de 2023 según Migración Colombia) de personas que han migrado desde Venezuela, ya sea de paso o de manera definitiva, es una tarea que muy probablemente no estaba en los planes de la ilustradora Laura Guarisco. En primer lugar, porque cuando decidió dejar su vida como asistente en un estudio de arquitectura en su natal Caracas, no había forjado su camino como ilustradora ni tenía en mente todas las vueltas que ha dado su vida desde que decidió cortar sus raíces en Venezuela para venir al otro lado de la frontera. 📌Le puede interesar: Putin dice a Occidente que es “imposible” derrotar a Rusia en Ucrania Sin embargo, cuando decidió crear a Ángel, el personaje de su cómic Nido, publicado hace cinco meses por la editorial Planeta, Guarisco tenía claro que quería plasmar el sentimiento que lleva de saberse venezolana fuera de su casa, de su país. Su personaje decide salir de Venezuela por la violencia que vio durante las protestas que se vivieron en el país en 2019, algo que realmente pasó, y decide lanzarse a probar suerte en Colombia, escogiendo como punto de partida Medellín. Tal vez es donde se tocan las historias migratorias de la artista y su obra, ya que allí está radicada. “Siempre lo imaginé como este personaje masculino, como un chamo superjoven. Creo que también fue porque me impactó mucho todo lo que vi en Venezuela con las protestas. Me importaba mucho que se quedaran hasta el final de las protestas. Además, al llegar aquí a Medellín, lo hice siendo muy joven. Cuando empiezo a ser parte de mi grupo de amigos venezolanos, todos me contaban sus historias de cómo se sintieron siendo inmigrantes recién llegados a Colombia y todos tenían más o menos la misma edad que Ángel cuando llegaron”, cuenta Guarisco. Su historia personal como migrante comenzó en 2017, cuando, presionada por la hiperinflación económica que vivía el país, decidió aprovechar que su madre tiene raíces barranquilleras y empezó su travesía en la costa Caribe, donde aún ejerció como arquitecta, su profesión, pero que resultó ser un lugar de paso, ya que en Medellín encontraría su propio nido hasta el día de hoy. Es cuando llega a Antioquia que la ilustración comenzó a tornarse más seria y a mostrarse como una opción tangible de vida, por encima de la arquitectura. Poco a poco empezó a acercarse al circuito gráfico de Medellín, al mismo tiempo que la suerte no la acompañaba para seguir ejerciendo como arquitecta. A pesar de ello, su vida comenzó a ser protagonista de sus viñetas, e Instagram fue el canal para establecer un diario gráfico en el que ella era su personaje y su cotidianidad, el insumo. La cosa se tornó aún más seria con el tiempo y se aventuró a autopublicar dos obras que antecedieron a Nido, pero ninguna trataba directamente la migración. 📝 Sugerimos: ¿Realmente los migrantes están retornando a Venezuela? “Ya venía publicando esporádicamente cosas sobre la migración. Tenía muchas cosas que contar. Y eso continuó hasta hoy en día. Pero el salto no se me hizo tan difícil, porque mientras era arquitecta nunca dejé de dibujar e intentar hacer mis dibujos y contar mis historias. Siempre lo hacía como un hobby, pero nunca dejé de hacerlo. Entonces, cuando hice el salto, se me dio un poco natural. Y de verdad que en Medellín encontré los espacios para poder hacerlo. Creo que Ángel fue poco a poco surgiendo cada vez que me hacía preguntas a medida que iba dibujando”, cuenta. Ahora el reto era darle forma, representar en la imagen de un solo venezolano la condición en la que viven hace casi una década los millones de venezolanos que caminan y viven con nosotros en Colombia. El vinotinto de la selección de Venezuela no faltó y en varias de las viñetas al personaje se le ve caminando con ella. En palabras de Laura, Ángel tenía que ser lo más venezolano posible: “Imaginaba a alguien alto, moreno, por supuesto que no todos son así, pero por lo general yo en la calle veo a alguien así, un poco agraciado con su cabello alborotado y su barba, y pensaba, puede ser venezolano”. La historia personal de la artista no la llevó por las trochas, ni por los puentes, ni por las carreteras que todos los migrantes caminaron, al igual que Ángel, pero en su cruzada por representarles se esforzó por retratar lo más exacto posible cada ruta que tomó su personaje y cada camino que atravesó desde su salida de Venezuela hasta llegar a Medellín. También están dibujados, con sus equipajes muchas veces precarios, los compañeros de ruta de Ángel. Algunos con hijos pequeños, otros mayores, todos ficticios, pero que podría ser perfectamente cualquiera de los que día a día siguen saliendo en busca de mejores oportunidades. Siendo tan venezolano como ella, Ángel también es arquitecto. A pesar de que es su propio personaje en su trabajo cotidiano, no quería serlo en una historia que es de tantos. Con todo y eso, reconoce que se le fueron rasgos que son de ella, como la ingenuidad, pues cuando él cruza la frontera pierde la plata que llevaba por descuido, y puede que le haya impregnado su propia posición política. “Tal vez sabe que está ocurriendo algo. Sabe que de repente no quiere involucrarse tanto, pero al final la situación política lo afecta. Obviamente no puede huir de ella. Aunque intenta mantenerse neutral, algo termina por golpearlo con la realidad. Eso es muy mío”, asegura. Ángel es pajarero, frecuenta el avistamiento de aves, y es algo que Laura tomó de su actual pareja, quien lo hace en la vida real. Hoy Nido sigue tomando vuelo como esas aves y poniendo en viñetas el ser migrante. Por más larga o corta que sea la travesía fuera de Venezuela, siempre trae un sentimiento de ajenidad. 📰 También recomendamos: El partido de Milei y su agenda contra las mujeres: lo que ha hecho y lo que sigue “Aunque ya tengo casi ocho años en Colombia, todavía me preguntan como si recién hubiera llegado ayer. ‘Bueno, ¿cómo te ha parecido Colombia y cuándo te vas?’. Como si hubiera llegado hace un mes y ya llevo mucho tiempo. Ya me siento parte de la ciudad, parte de la gente. Pero sí es cierto que desde que llegué imagino que es por mi forma de hablar y mis costumbres, es como si uno no fuera de acá”, cuenta. Tiene la convicción de que es tan de Medellín como lo es de Caracas. “Hay que apropiarse de eso. Uno puede no ser de ningún lado, uno es de los sitios donde habita. Soy de los dos lugares. En estos momentos ya viví 24 años de mi vida en Venezuela y casi ocho en Colombia”, explica sin vacilar. 👀🌎📄 ¿Ya se enteró de las últimas noticias en el mundo? Invitamos a verlas en El Espectador. 📧 📬 🌍 Si le interesan los temas internacionales, quiere opinar sobre nuestro contenido o recibir más información, escríbanos al correo mmedina@elespectador.com o aosorio@elespectador.com"
"Diáspora venezolana, el duro reto de la inclusión",Bogotá,https://www.elespectador.com/bogota/diaspora-venezolana-las-claves-para-mejorar-la-inclusion-socioeconomica/,"De acuerdo con cifras de Migración Colombia, con corte a agosto de 2023, en Bogotá residían 605.376 personas que llegaron durante la diáspora de ciudadanos y ciudadanas provenientes de Venezuela. Según la Gran Encuesta Integrada de Hogares (GEIH), entre julio de 2022 y junio de 2023, la migración venezolana representaba un 88 % del total de extranjeros residentes en Bogotá y cerca de 5% del total de los habitantes de la capital. Para poner los números en contexto, la cifra equivale al total de la población de..."
