Titular,Categoría,Link,Cuerpo
"El desafío migratorio no cesa en Maicao, La Guajira",Colombia,https://www.elespectador.com/colombia/mas-regiones/el-desafio-migratorio-no-cesa-en-maicao-la-guajira/,"El municipio de Maicao, en el norte de La Guajira, se ha convertido en uno de los puntos de llegada y asentamiento de migrantes venezolanos en Colombia. Su ubicación fronteriza lo ha hecho receptora permanente de miles de personas que huyen de la crisis en su país de origen. Esta situación ha desbordado las capacidades institucionales y económicas de un municipio, que es de cuarta categoría. Además, hoy Maicao enfrenta una crisis que se refleja en el colapso de sus servicios públicos. Tanto el agua potable, como el alcantarillado, no llegan a..."
Migrantes en Bello: así deben actualizar sus datos para no perder el servicio de salud,Mundo,https://www.elespectador.com/mundo/venezuela/migrantes-en-bello-antioquia-asi-deben-actualizar-sus-datos-para-no-perder-el-servicio-de-salud/,"Audio generado con IA de Google La Alcaldía de Bello, en el departamento de Antioquia, le pide a la población migrante venezolana que reside en el municipio que realice la actualización obligatoria de su acreditación de permanencia del Régimen Subsidiado antes del 30 de junio de 2026. Esta medida busca evitar la suspensión masiva de los servicios médicos para miles de familias que dependen de esta cobertura. Según los reportes oficiales, el trámite es indispensable para validar la residencia actual y el cumplimiento de las normativas nacionales vigentes. De acuerdo con la Secretaría de Salud local, existen actualmente 10.387 migrantes venezolanos registrados de manera legal y afiliados al sistema de salud en el municipio que deben cumplir con este requisito. La normativa nacional exige que esta gestión se lleve a cabo cada cuatro meses para garantizar que el beneficiario y su núcleo familiar mantengan el acceso a citas, medicamentos y urgencias. Le recomendamos: Un platillo volador nazi? 5 preguntas que dejan los documentos sobre ovnis del Pentágono Para asegurar la continuidad en la prestación del servicio, los interesados deben recopilar una serie de documentos que certifiquen su permanencia en Bello. No basta con estar registrado previamente. La actualización requiere demostrar el domicilio actual, lo cual se puede hacer a través de una factura de servicios públicos del último mes, un contrato de arrendamiento vigente, la encuesta del Sisbén (con máximo un mes de expedición), una declaración extrajuicio o un certificado de vecindad. También debe presentar una copia del Permiso de Protección Temporal (PPT). La rigurosidad en los documentos responde a la necesidad de asegurar que los recursos de salud se asignen correctamente en el territorio. Las autoridades han sido enfáticas en que el incumplimiento del plazo derivará automáticamente en la desactivación del servicio médico. Los interesados tienen hasta el 30 de junio de este año para llevarlo a cabo y evitar quedarse sin cobertura”. Para facilitar el proceso, se han dispuesto puntos físicos donde se recibe la documentación de manera presencial. Los ciudadanos pueden acercarse a las sedes de la E.S.E. Bello Salud o dirigirse a la oficina de Atención al Usuario de la Secretaría de Salud, situada en el barrio Mánchester, en la calle 45 A # 49B-56. Los horarios establecidos son de lunes a jueves, de 8:00 a. m. a 12:00 m. y de 1:00 p. m. a 5:00 p. m., mientras que los viernes la atención se extiende hasta las 4:00 p. m. La invitación de las autoridades es a no dejar este trámite para el último día y garantizar así el derecho fundamental a la salud. Le recomendamos: “Dos Venezuelas”: una reconciliación pendiente 👀🌎📄 ¿Ya se enteró de las últimas noticias en el mundo? Invitamos a verlas en El Espectador. El Espectador, comprometido con ofrecer la mejor experiencia a sus lectores, ha forjado una alianza estratégica con The New York Times con el 30 % de descuento. Este plan ofrece una experiencia informativa completa, combinando el mejor periodismo colombiano con la cobertura internacional de The New York Times. No pierda la oportunidad de acceder a todos estos beneficios y más. ¡Suscríbase aquí a El Espectador hoy y viva el periodismo desde una perspectiva global! 📧 📬 🌍 Si le interesa recibir un resumen semanal de las noticias y análisis de la sección Internacional de El Espectador, puede ingresar a nuestro portafolio de newsletters, buscar “No es el fin del mundo” e inscribirse a nuestro boletín. Si desea contactar al equipo, puede hacerlo escribiendo a mmedina@elespectador.com"
La migración venezolana cambia de ruta,Mundo,https://www.elespectador.com/mundo/venezuela/la-migracion-venezolana-cambia-de-ruta/,"Audio generado con IA de Google Lejos de detenerse, la migración venezolana sigue en transformación. Hasta el año pasado, los principales destinos elegidos por los venezolanos eran Estados Unidos, Colombia, Perú, Chile y Ecuador, pero las nuevas restricciones migratorias, especialmente las impuestas por EEUU, que impactan directamente en algunos países de la región, han obligado a muchos a replantear sus rutas. En 2025, los flujos migratorios se reconfiguran, abriendo camino a nuevos destinos como España y Brasil, mientras que Colombia sigue siendo un punto clave de acogida de ciudadanos nacionales de Venezuela. La mayoría de los venezolanos que emigra lo hace debido a múltiples factores que han generado una crisis humanitaria compleja en el país. La Oficina del Alto Comisionado para los Refugiados (Acnur) expone que las principales causas de la migración son: crisis económica y social, inseguridad y violencia, persecución política y violación de derechos humanos, así como el colapso de servicios de salud y educación. “La población venezolana no es migrante. Son personas con necesidad de protección internacional”, asegura Ligia Bolívar, investigadora asociada al Centro de Derechos Humanos de la Universidad Católica Andrés Bello (UCAB), responsable del área de derechos de migrantes y refugiados. Tras esta afirmación, Bolívar expone que lo que ocurre “es que los países no han entendido, incluyendo Colombia, que la población venezolana requiere protección internacional” y que por eso se les trata como migrantes regulares y se les aplica las mismas normas que se le fijan a cualquier otra persona que se muda de país. A lo largo de los últimos años, los países receptores de migrantes venezolanos han establecido una serie de medidas mucho más restrictivas en sus políticas migratorias con el objetivo de desalentar y frenar los flujos migratorios; por eso gran mayoría de naciones de la región han establecido el requisito de visas para estos ciudadanos. Ligia Bolívar detalla que las razones de salida de los venezolanos no son las mismas que las de un migrante voluntario que organiza sus cosas, tiene ahorros, que tiene documentos en regla y que puede llegar por vía aérea o marítima a otro país, con su pasaporte: “Es una persona que sale caminando, evadiendo puntos de control, por no tener pasaporte —por ser el más costoso de la región—, viene muchas veces perseguido”, características que lo convierten, insiste, “en persona con necesidad de protección internacional”. A pesar de los obstáculos, la migración venezolana parece que no se detendrá en el corto, mediano o largo plazo, pues la incertidumbre política y la situación económica siguen impulsando a más personas a huir de su país, así lo demuestra un reciente estudio de opinión. La encuestadora Poder y Estrategia encontró en enero de este año que 18% de los venezolanos tiene intenciones de migrar en busca de mejores oportunidades de vida, pero es un dato que crece a 40% cuando se le pregunta a jóvenes entre los 18 y los 30 años de edad, explica el sociólogo Ricardo Ríos, presidente de la consultora. El estudio de campo de esta encuestadora se realizó en ocho grandes ciudades del país: Caracas, Valencia, Maracaibo, Barquisimeto, Puerto La Cruz-Barcelona, San Cristóbal, Barinas y Ciudad Guayana, con una muestra de 1.040 personas. 6% de los consultados dijo estar bien decidido a migrar; 11% manifestó el deseo de irse, pero sin planes claros; 23% afirmó no tener más opciones que quedarse en Venezuela; 16% dijo no tener ganas de emigrar, y 44% aseguró que “definitivamente” se queda en el país. Las severas medidas migratorias tomadas por el presidente de los Estados Unidos, Donald Trump, y hasta la congelación de fondos por medio de la Agencia de los Estados Unidos para el Desarrollo Internacional (Usaid), que también frena programas de migración en países de América Latina y el Caribe, hizo que los venezolanos se replantearan a dónde migrar. Muchos se siguen preguntando: “A dónde me puedo ir, donde tenga calma y no sienta miedo”, comenta una periodista de 28 años de edad que estudia opciones para salir de su país natal en vista de las pocas oportunidades. También se preguntan en qué países pueden regularizarse y trabajar para generar ingresos y costear sus gastos. Hasta septiembre de 2024, muchos de los que manifestaron planes de huir de Venezuela tenían en mente Estados Unidos como destino (27%); sin embargo, este porcentaje descendió a 11% el pasado mes de enero, mientras que España pasó a ocupar el primer lugar de preferencia con 26%. Alberto Uribe, de 33 años de edad, renovó su pasaporte para irse a España a buscar un empleo que le deje mejor salario. Hace siete años se mudó desde Caracas a Cúcuta, huyendo de la profunda crisis económica, “pero ya en Colombia no se hace suficiente dinero para pagar arriendo, comida y vivir bien”, comenta a La Hora Venezuela. Llegará a Tenerife, a casa de unos familiares que ya tienen unos cinco años allá, y dice estar dispuesto a aceptar cualquier empleo que le permita enviar remesas a sus dos hijos pequeños, que dejó en Cúcuta, y “ahorrar algo de dinero”. En Latinoamérica, Brasil es uno de los países que emerge como opción ante los beneficios y la asistencia que otorga a los venezolanos por medio del programa “Operación Acogida”. Solo el año pasado, Brasil otorgó estatus de refugiado a 12.726 venezolanos, número que representa 95% de todas las solicitudes aprobadas en el país. En total, este país ha reconocido a 141.000 venezolanos como refugiados, siendo la nación que más solicitudes de refugio ha aprobado para ciudadanos de Venezuela. Estas condiciones hacen que 16% de los consultados por Poder y Estrategia nombren al gigante de Suramérica como un destino para buscar mejores oportunidades de vida. Colombia es otra de las opciones que los venezolanos mantienen como destino para emigrar este año: 13% de los entrevistados el pasado mes de enero dijo que se mudaría a ese país. Hay quienes han puesto el foco en Chile y Argentina; esta última nación flexibilizó, hace pocos meses, el ingreso y la radicación de migrantes venezolanos con pasaporte o cédula vencidos hasta 10 años; además, autoriza a los niños menores de nueve años a llegar solo con la partida de nacimiento. Por el contrario, Chile pide un listado de requisitos, entre ellos una visa. A tal efecto, la profesora Ligia Bolívar expone que “las opciones migratorias que tienen los venezolanos son las mismas que tiene cualquier otro migrante”. En el sentido estricto, “no es que haya restricciones” especiales, sino que deben cumplir con normativas establecidas para ciudadanos de otras naciones. No obstante, la investigadora del Centro de Derechos Humanos de la UCAB asevera que, aunque las naciones tienen procesos para regularización de migrantes, “muy pocos venezolanos cumplen esos requisitos”, lo que les pone barreras más altas. Por eso, la Agencia de la ONU para los Refugiados (Acnur) ha hecho llamados a los Estados para que “reciban a los venezolanos, para que permitan el acceso a su territorio” y destaca “la importancia fundamental de garantizar el acceso a los procedimientos de asilo y a los mecanismos de protección grupales con las salvaguardias adecuadas”. De la misma manera sostiene que “la mayoría de las personas nacionales de Venezuela se encuentran necesitadas de protección internacional bajo el criterio contenido en la Declaración de Cartagena, sobre la base de las amenazas a su vida, seguridad o libertad resultante de eventos que se encuentran actualmente perturbando gravemente el orden público”. Acnur señala que persisten desafíos, como la inestabilidad económica y la desigualdad social, que dificultan la integración plena de estas personas en las comunidades de acogida. Antes de que Donald Trump asumiera su mandato, los países estaban reduciendo sus niveles de atención excepcional a los migrantes venezolanos y los montos de cooperación internacional para migración estaban por debajo de 30% de lo requerido, de acuerdo a lo estipulado por Acnur. En la actualidad, con la suspensión de la ayuda humanitaria a través de Usaid, “el impacto es enorme y directo porque algunos de los beneficios que se le estaba dando a la población migrante venezolana eran financiados con la cooperación internacional”, resume Ligia Bolívar. Desde el Centro de Derechos Humanos de la UCAB advierten que en procesos migratorios como los que se están dando desde Venezuela, “en condiciones precarias, los riesgos son muy altos, y las personas tienen que estar atentas a no caer en manos de personas que hacen de esto (migración) un negocio y que terminen perjudicadas sus vidas”. También recomiendan informarse sobre el destino que desean tomar, pues es necesario recordar que la migración irregular expone a los venezolanos a riesgos de explotación laboral, trata de personas y violencia de género en los países de tránsito y destino. De acuerdo con datos de la Plataforma de Coordinación Interagencial para Refugiados y Migrantes (R4V), actualizados al 3 de diciembre de 2024, en el mundo había más de 7,89 millones de venezolanos migrantes, que abandonaron su país en busca de protección y mejores condiciones de vida. Aproximadamente, 6,7 millones viven en países de América Latina y el Caribe. Un número significativo de migrantes venezolanos pueden no estar registrados oficialmente en los países de acogida, lo que puede implicar que las cifras reales sean más altas. *El periodismo en Venezuela se ejerce en un entorno hostil para la prensa con decenas de instrumentos jurídicos dispuestos para el castigo de la palabra, especialmente las leyes «contra el odio», «contra el fascismo» y «contra el bloqueo». Este contenido fue escrito tomando en consideración las amenazas y límites que, en consecuencia, se han impuesto a la divulgación de informaciones desde dentro del país. 👀🌎📄 ¿Ya se enteró de las últimas noticias en el mundo? Invitamos a verlas en El Espectador. 🌏📰🗽 Le puede interesar nuestro plan superprémium, que incluye acceso total a El Espectador y a la suscripción digital de The New York Times. ¡Suscríbase! 📧 📬 🌍 Si le interesa recibir un resumen semanal de las noticias y análisis de la sección Internacional de El Espectador, puede ingresar a nuestro portafolio de newsletters, buscar “No es el fin del mundo” e inscribirse a nuestro boletín. Si desea contactar al equipo, puede hacerlo escribiendo a mmedina@elespectador.com"
"“Emigro, luego existo”: la diáspora venezolana narrada desde el grafiti",El-magazin-cultural,https://www.elespectador.com/el-magazin-cultural/emigro-luego-existo-la-diaspora-venezolana-narrada-desde-el-grafiti/,"En la calle 51 con carrera 7, un mural amarillo ocupa gran parte del paisaje por el que pasan miles de bogotanos al día. Además del color vibrante, un transeúnte atento podrá distinguir varios elementos que resaltan a primera vista, dependiendo de la dirección en la que vaya. Posiblemente, para aquellos que caminen de sur a norte, el primer símbolo que identifiquen será el rostro de una de las figuras más distintivas de nuestra época: el presidente estadounidense Donald Trump. El mandatario se encuentra acompañado por un texto que dice..."
"A orillas de Venezuela, los autores que viven en el exilio",El-magazin-cultural,https://www.elespectador.com/el-magazin-cultural/crisis-en-venezuela-impacto-en-la-literatura-y-el-exilio-de-escritores/,"Audio generado con IA de Google La problemática en Venezuela, que comenzó a gestarse bajo el gobierno de Hugo Chávez y se intensificó con Nicolás Maduro, se ha caracterizado por una hiperinflación, un aumento de la pobreza y una escalada en la delincuencia y la mortalidad infantil. Las violaciones a los derechos humanos y la desnutrición severa han sido una constante, junto con una migración masiva en busca de mejores condiciones de vida. La situación se agravó tras la caída de los precios del petróleo en 2015, exacerbada por la falta de inversión y mantenimiento en la producción petrolera. La respuesta del gobierno de Maduro incluyó la negación de la crisis y la represión violenta de la oposición. Las ejecuciones extrajudiciales por parte de las Fuerzas de Acciones Especiales (FAES) fueron documentadas por la ONU, revelando una represión contra opositores políticos. La crisis también resultó en escasez de productos básicos y medicinas, cierre de empresas, y una masiva emigración hacia otros países. Algunos actores culturales como escritores han tenido que salir de su país en búsqueda de otros lugares para seguir realizando sus obras. En la literatura venezolana reciente, el dilema del destierro se volvió el centro de las narrativas, reflejando la realidad de personajes que enfrentan la incertidumbre de quedarse o irse. Las obras, incluso de autores que permanecen en el país, a menudo presentan personajes que viajan o se ausentan, y se cuestionan si deben partir o quedarse. A pesar de la distancia, los escritores en el exilio buscan retratar la esencia de su patria a través de sus obras, enfrentando la complejidad y el drama de la realidad venezolana. Las voces de los migrantes persisten en dejar una huella de su identidad en cada texto que producen. Estos son algunos autores que han vivido en exilio. Rómulo Gallegos, nacido en Caracas el 2 de agosto de 1884, se vio influenciado por un Venezuela convulsa, que durante el siglo XIX sufrió innumerables revoluciones y cambios de gobierno. Gallegos inició sus estudios de derecho en 1902, pero debió interrumpirlos en 1905 para apoyar a su familia tras la muerte de su madre. Su carrera literaria comenzó a gestarse en 1906 cuando fue designado jefe de la Estación de Tranvía de Caracas, y en los años siguientes, publicó relatos cortos y novelas que reflejaban sus inquietudes sobre la sociedad venezolana. Su obra más destacada, Doña Bárbara (1929), abordó el conflicto entre civilización y barbarie a través de una narrativa rica en simbolismo y crítica social. La trayectoria de Gallegos también estuvo marcada por la política. En 1947, fue elegido Presidente de Venezuela, pero su mandato fue breve debido a presiones políticas, siendo derrocado en 1948. Su oposición a los intereses de las compañías extranjeras y las Fuerzas Armadas llevó a su autoexilio a México, donde vivió hasta la muerte de su esposa en 1950. Posteriormente, pasó tiempo en Cuba antes de regresar a México, donde continuó su trabajo literario. Regresó a Venezuela en 1958 tras la caída de Marcos Pérez Jiménez, pero se retiró de la política. Murió el 5 de abril de 1969, siendo reconocido como uno de los “escritores más importantes” de Venezuela, con premios y homenajes. Laura Cracco, nacida en Barquisimeto, Venezuela, en 1959, es una escritora cuya carrera ha estado marcada por su condición de exiliada. Tras iniciar su trayectoria literaria en los años ochenta, un período de florecimiento de escritoras en Venezuela, Cracco se destacó por su poesía, que cuestionaba los imaginarios comunes y reflexionaba sobre la historia desde una perspectiva femenina. Sus primeros poemarios, Mustia memoria (1984) y Diario de una momia (1989), exploran las culturas grecorromana y egipcia para criticar los mitos fundacionales desde una posición de extranjería, mientras que Safari Club (1993) aborda la crisis del espacio urbano y la desarticulación del lenguaje en un contexto de desintegración social. Tras mudarse a España, Cracco experimentó un giro en su producción literaria. Su obra poética continuó con Lenguas viperinas, bocas Chanel (2009) y, además, se adentró en la narrativa con El ojo del mandril (2014) y África íntima (2017). En estos textos, su enfoque se torna más político y ético, revisando la tradición literaria a través de la memoria y el fragmento, y reflexionando sobre el chavismo en Venezuela y sus efectos tanto en los que permanecieron en el país como en los que emigraron. Su exilio ha enriquecido su obra, permitiéndole abordar temas de poder, instituciones y sus implicaciones a nivel individual y colectivo. A los muchachos que allí mueren en vida. ¿Cómo, las almas quebradas en los sótanos de la Tumba? Cien metros bajo tierra, lejos del sol kilómetros de silencio, en los muros, restos de A+, AB-, O+, B-… «Dios mío, ¿por qué me has abandonado?», clama la carne hecha para el milagro. El mutismo de Dios retumba entre los muros y los soldados vigilan con sus armas que no escape. Nadie sabe cuántos, quiénes, cuándo, dónde. La tumba está en el corazón de la ciudad. El ascensor baja los cinco pisos y sube vacío. Dos por tres metros de soledad vigilada, y el único viento, el que escupe la rejilla: El silencio apenas es perturbado por los vagones del metro sobre la cabeza. Los colores, un esfuerzo de memoria en las celdas inmaculadas Muerte blanca, tortura blanca, lo llaman, blancas como crestas en el mar que un presidiario evoca segundos antes de que la sirena (ah, la sirena noche y día, un modo de decir en un lugar donde no existen noche y día) espante el sueño, las olas, el rostro añorado por él, novio ahora de la muerte. ¿Serán perdonados por la historia? ¿Volverán a caminar entre los vivos? ¿Por qué, Señor, tan vecino en ciertos lugares y tan callado en otros?, persiste, inútil, la pregunta donde la carne fue privada del milagro. Rodrigo Blanco Calderón, nacido en Caracas, Venezuela, en 1981, es un escritor, editor y profesor universitario que ha ganado reconocimiento tanto a nivel nacional como internacional. Su carrera comenzó con la publicación de varios libros de cuentos, incluyendo Una larga fila de hombres (2005), Los Invencibles (2007), y Las rayas (2011), que le valieron diversos premios y menciones. En 2007, fue seleccionado para el grupo Bogotá39, que destacó a los mejores narradores latinoamericanos menores de 39 años, y en 2013 fue escritor invitado al International Writing Program de la Universidad de Iowa. Su relato Emuntorios fue incluido en la revista McSweeney’s en 2014. Su primera novela, The Night (2016), obtuvo el Premio Rive Gauche à Paris, el Premio de la Crítica en Venezuela (2018) y el Premio Bienal de Novela Mario Vargas Llosa (2019). Su obra reciente, Simpatía (2020), ha sido aclamada como una destacada novela sobre la crisis venezolana y el colapso del chavismo. Blanco Calderón ha recibido numerosos premios, incluidos el Premio O. Henry por el cuento Los locos de París en 2023 y el Premio Rive Gauche à Paris en 2016. Actualmente, reside en Málaga, España, y sigue siendo una figura representativa en la literatura latinoamericana. Ángela Molina, nacida en Caracas en 1967, es una poeta venezolana con raíces canarias. Ha publicado varios poemarios, incluyendo Aclaratoria (2013), Imprudencias (2014) y Gula (2016). Su poesía, caracterizada por un estilo intimista, confesional y social, se expresa en verso libre y refleja su formación periodística, adquirida a través de su licenciatura en Comunicación Social y su carrera en el ámbito legal, donde se graduó en Derecho en 2005. Además de sus publicaciones individuales, sus poemas han sido incluidos en antologías como Mujeres 88, Antología poetas canarias (2017) y Palabra y Verso (2015). Molina ha enriquecido su obra con la influencia de destacados poetas venezolanos, como Rafael Cadenas y Armando Rojas Guardia, y ha tomado cursos en la cátedra de Adriano González León. Ha participado en festivales literarios internacionales como “Grito de Mujer” y “Festival Palabra en el Mundo”, y es miembro activo de la Asociación de Escritores y Escritoras Palabra y Verso, la Nueva Asociación Canaria para la Edición (NACE) y el Círculo de Escritores de Venezuela."
Petro en EE. UU.: “Hay que avanzar más” en los derechos de los migrantes venezolanos,Mundo,https://www.elespectador.com/mundo/america/petro-en-ee-uu-hay-que-avanzar-mas-en-los-derechos-de-los-migrantes-venezolanos/,"Audio generado con IA de Google En el marco de su visita oficial a Estados Unidos para reunirse con el presidente Donald Trump, el mandatario colombiano, Gustavo Petro, ofreció un balance detallado sobre la situación migratoria y de seguridad en la frontera colombo-venezolana. Petro destacó que, tras la llegada de casi 3 millones de venezolanos a Colombia, el país ha logrado estabilizar a la mitad de esta población, aunque lanzó una advertencia sobre los riesgos sociales de la juventud migrante, cuya integración todavía es un reto. “Vienen de Venezuela de vivir relativamente bien, mirar televisión, jugar softball, comprar en el supermercado y las últimas modas... y de pronto nada”, explicó el mandatario. Según Petro, el choque emocional de pasar de una vida urbana normalizada a dormir en barrios populares donde enfrentan el rechazo es “fatal” para un adolescente. “De ahí sale la violencia”, advirtió, comparando la situación con los conflictos de los jóvenes árabes en París que no se sienten ni franceses ni de su tierra de origen. Pese a este diagnóstico, Petro aseguró que hoy la mitad de la población venezolana en Colombia ya está empleada y aporta a la seguridad social, produciendo riqueza. En efecto, según el reporte de Mercado Laboral de la Población Extranjera (2024-2025) del DANE, la Tasa de Ocupación de los venezolanos en Colombia es del 66.4 %. Por otro lado, Petro advirtió que no se esperaba una nueva ola migratoria. “Nuestras cifras no indican ni una avalancha hacia Colombia como temíamos, ni lo contrario”, señaló, desestimando los temores de una nueva oleada masiva inmediata. Radiografía del migrante en Colombia: la mayoría trabaja y se quiere quedar Durante su intervención, el mandatario colombiano también subrayó que, si bien el Permiso de Protección Especial ha garantizado derechos humanos fundamentales a los migrantes, el objetivo de su gobierno es profundizar este estatus. Petro afirmó ante la administración estadounidense que “hay que avanzar más” en la equiparación de derechos, sugiriendo que la protección temporal es apenas un paso previo hacia una integración ciudadana completa. Las declaraciones de Petro desde Washington, cabe destacar, llegan en un momento difícil paro los venezolanos en Estados Unidos bajo la administración Trump. Tras el fin de las protecciones temporales y el endurecimiento de las políticas de asilo, miles de migrantes de esta nacionalidad han pasado de una relativa estabilidad a la incertidumbre de la deportación masiva. Para evitar que los flujos migratorios se vuelvan “bruscos” nuevamente, Petro propuso una reactivación económica profunda en la frontera colombo-venezolana, una zona donde viven 14 millones de personas con “sangre cruzada”. La estrategia del mandatario colombiano consiste en aprovechar el potencial energético de la región, tanto el solar y eólico como el del subsuelo, para crear núcleos de producción que desactiven los focos de violencia. “Si hacemos ahí una reactivación económica, detenemos cualquier flujo migratorio sorpresivo”, concluyó Petro, planteando que el desarrollo fronterizo es la única respuesta estructural para evitar crisis humanitarias futuras. En materia de seguridad, Petro presentó un análisis basado en mapas satelitales que muestran un cambio drástico en las rutas del narcotráfico. Según el presidente, la eficacia de las autoridades colombianas ha provocado una “migración de la hoja de coca” hacia el sur, convirtiendo a Ecuador en el nuevo epicentro del problema. “Ecuador no está preparada para esta avalancha de narcotráfico. El problema se vuelve Ecuador porque es cada vez más difícil para el narcotraficante sacar cocaína de Colombia”, afirmó. Además, reveló que entregó al presidente Trump un listado con nombres propios de los “capos de primera línea”, aclarando que estos jefes no viven en las selvas colombianas, sino en “ciudades de lujo en el mundo”. Entre ellos mencionó ciudadanos colombianos, mexicanos, albaneses, italianos y estadounidenses. 👀🌎📄 ¿Ya se enteró de las últimas noticias en el mundo? Invitamos a verlas en El Espectador. El Espectador, comprometido con ofrecer la mejor experiencia a sus lectores, ha forjado una alianza estratégica con The New York Times con el 30 % de descuento. Este plan ofrece una experiencia informativa completa, combinando el mejor periodismo colombiano con la cobertura internacional de The New York Times. No pierda la oportunidad de acceder a todos estos beneficios y más. ¡Suscríbase aquí a El Espectador hoy y viva el periodismo desde una perspectiva global! 📧 📬 🌍 Si le interesa recibir un resumen semanal de las noticias y análisis de la sección Internacional de El Espectador, puede ingresar a nuestro portafolio de newsletters, buscar “No es el fin del mundo” e inscribirse a nuestro boletín. Si desea contactar al equipo, puede hacerlo escribiendo a mmedina@elespectador.com"
"Trump, Bukele y migrantes venezolanos: una combinación explosiva",Mundo,https://www.elespectador.com/mundo/america/trump-bukele-y-migrantes-venezolanos-una-combinacion-explosiva/,"“Él es un buen muchacho y lo puedo demostrar donde sea, puedo demostrar que es un hombre de bien. Pido a todo el mundo que aporte su granito de arena para ver si se conduelen de nuestro dolor. Si fuera un delincuente, yo digo ‘Se lo merece’; pero mi hijo no lo es”. Estas fueron las declaraciones de Mercedes Yamarte, madre de Melvin, uno de los más de 200 ciudadanos venezolanos que Donald Trump negoció enviar a la megacárcel de Nayib Bukele en El Salvador bajo el pretexto de que presuntamente todos pertenecen al Tren de Aragua."
Gobierno alista cirugía a solicitudes de asilo: hay más de 30 mil procesos estancados,Politica,https://www.elespectador.com/politica/asilo-en-colombia-gobierno-petro-alista-cambios-a-solicitudes-de-refugio-hay-30-mil-procesos-estancados-noticias-hoy/,La administración del presidente Gustavo Petro trabaja en una transformación del sistema y las condiciones para que los ciudadanos extranjeros accedan al estatus de refugiados en Colombia. Este diario conoció los documentos y las cifras con los que la Cancillería ajusta los detalles para emitir un decreto que atienda el creciente número de solicitudes que ha generado caos en sus oficinas; todo esto en medio de la agitada relación entre Bogotá y Caracas por cuenta del futuro político de ese país con Nicolás Maduro.
“Hemos llegado a Berlín”: la migración venezolana vista desde la infancia,El-magazin-cultural,https://www.elespectador.com/el-magazin-cultural/hemos-llegado-a-berlin-la-migracion-venezolana-vista-desde-la-infancia/,"Entre la incertidumbre y la resistencia, la experiencia migrante venezolana ha encontrado en la cultura distintas maneras de manifestarse ante el mundo. Pero, ¿cómo se ve esta experiencia a través de los ojos de un niño? Esta pregunta fue planteada por el escritor Fanuel Hanán Díaz, quien vio en la literatura una oportunidad para arrojar luz sobre el recorrido que han realizado millones de sus compatriotas a lo largo de estos años, en los cuales el país fue sometido por el régimen de Nicolás Maduro. En esa búsqueda, la pluma de Díaz asumió el..."
Los cambios en la migración de venezolanos a Cúcuta,Colombia,https://www.elespectador.com/colombia/mas-regiones/lo-que-fue-y-lo-que-ahora-es-la-migracion-de-venezolanos-a-cucuta/,"Audio generado con IA de Google Hace ocho años, María Ospino dejó Venezuela y cruzó la frontera por Cúcuta, en medio del éxodo masivo que llenó las calles de esa ciudad. Ospino trabajaba como enfermera en un hospital en Maracay, estado de Aragua, donde ya no tenía insumos ni condiciones dignas para atender pacientes. Esta es una de las razones que la llevó a decidir salir del país. “Me tocaba prestar los servicios en condiciones demasiado precarias, donde vi muchos niños que prácticamente nos tocaba dejarlos morir porque no había con qué atenderlos y los papás no tenían ni siquiera para comprar una inyección”, recordó Ospino. Llegó a Colombia con la ilusión de ejercer su profesión, pero se encontró con otra realidad: rechazo, estafas, trabajos informales y días en los que vivía con solo pan y café. Junto a ella, miles de venezolanos llegaron a Colombia entre 2017 y 2021, en uno de los éxodos más grandes que se ha presentado (en el país residen más de 2,8 millones de venezolanos, según Migración) y Cúcuta fue uno de los principales puertos de llegada. Por lo que a las altas tasas de desempleo y necesidades insatisfechas en la población nacional, se le sumó la emergencia migratoria, que principalmente atendieron organismos humanitarios e internacionales. Valentina Badillo, quien trabaja en apoyo psicosocial en la Fundación Arduvi, que asiste a venezolanos en condición de vulnerabilidad, recuerda que al principio se trató de una atención humanitaria inmediata. “Era una emergencia. Gente durmiendo en la calle, sin comida, sin baños, sin albergue. Había que responder rápido”, explicó. Ospino fue una de esas personas. El día que llegó la estafaron y perdió todas las cosas de valor que traía para vender. “Me dieron 25 mil pesos y yo pensé que era mucho. Me alcanzó para dos días de arriendo a 10 mil pesos”, mencionó. Por esto, tuvo que dedicarse a trabajos informales, desde vender dulces en la calle hasta trabajar haciendo aseo en viviendas. En el último año, el paso de venezolanos ha bajado radicalmente, en gran parte por la serie de medidas que se han impuesto en Estados Unidos contra la migración, por lo que el tránsito en la frontera de Cúcuta con Táchira ha vuelto a ser pendular, como lo era mucho antes del gran éxodo. Con los cambios han ido desapareciendo las organizaciones de ayuda humanitaria, que no solo han menguado su trabajo por la reducción de personas que cruzan, sino también por la desaparición de la ayuda de USAID y la disminución de la cooperación internacional, principalmente desde que estalló la guerra en Ucrania. A diario se estima que alrededor de 35.000 personas cruzan por los tres puentes internacionales que unen los dos países por esta zona, mientras que los fines de semana la cifra se puede llegar a duplicar. Como los cruces son pendulares, muchos van y vuelven para abastecerse de alimentos y medicinas, mientras que otros viajan para trabajar o estudiar. La migración de venezolanos de todas formas no ha parado. Ya no cruzan alrededor de 150 personas diariamente, como ocurría en 2024, pero sí se mantiene un promedio de dos personas por día, de acuerdo con el observatorio de Migración Irregular en Tránsito de Migración Colombia. A la par, cerca de medio millón de migrantes se han asentado en Cúcuta. En el caso de Ospino, logró obtener la nacionalidad gracias a su padre, que era colombiano. Ese documento le abrió puertas para conseguir un trabajo como cuidadora y luego como auxiliar de enfermería. Los cambios en la migración, sumados a los mencionados, han exigido que asimismo se cambie la respuesta local a la asistencia humanitaria. Las organizaciones que aún sobreviven han adaptado su modelo de atención y ahora se concentran en la inserción laboral y el acompañamiento psicosocial a los venezolanos. “Ya no se trata solo de dar una ración de comida. Se trata de ayudar a las personas a estructurar una hoja de vida, entender sus derechos, sanar los duelos migratorios y construir una vida digna aquí”, explicó Badillo. Sobre esto, Ospino reconoce que el camino no ha sido fácil, especialmente por el rechazo a los migrantes. “Iba a buscar trabajo y me decían que no por ser venezolana. Para arrendar también”. En paralelo persisten barreras para quienes acaban de migrar, tanto por la falta de programas que faciliten su regularización, como las dificultades que siguen existiendo para hacer trámites consulares, la homologación del título de bachiller o el de formación profesional. “Quiero estudiar seguridad ocupacional, pero sin papeles, no me dejan avanzar”, dijo Ospino. A estos problemas se suman las dificultades de acceso a programas de salud, educación formal o de asistencia fuera de los que brindan organismos internacionales, además de los riesgos de caer en la trata de personas y hasta de que los venezolanos sean reclutados por grupos armados. La migración está cambiando, y cada una de sus variables requiere un tipo de atención en particular. Ospino señala que dentro de su plan de vida no está volver a Venezuela. “Por cualquier cosa, simplemente porque a ellos les da la gana, usted tiene que darles plata. Así sean cinco dólares, para que lo dejen pasar tranquilo”, pero ella misma ha visto como varios de sus allegados han decidido regresar ante las dificultades para estabilizarse tras migrar. El tránsito sigue, tanto de salida como de ingreso a Colombia, por lo que no solamente se requiere estructurar planes de atención en fronteras para quienes siguen saliendo, ahora de una forma más reducida y silenciosa, sino también de acogida, pues como lo señala Nastassja Rojas Silva, directora de Amnistía Internacional Venezuela, aunque ya no se vean las mismas cifras de años anteriores, aún se requieren muchas acciones para atender la migración."
