,Titulo,URL,Cuerpo,Fecha,Autor,Medio,Pais
0,El liderazgo en materia migratoria que no debería abandonar Colombia ,https://www.elespectador.com/opinion/columnistas/juliana-bustamante-reyes/el-liderazgo-en-materia-migratoria-que-no-deberia-abandonar-colombia/,"Con menos de un mes en el poder, el presidente Abelardo de la Espriella anunció en Barranquilla operativos contra migrantes en situación irregular, bajo la consigna “primero los colombianos”. La medida, presentada como estrategia de seguridad, rompe con casi una década de política exterior migratoria que, pese a las diferencias ideológicas entre gobiernos, mantuvo una política de Estado robusta y coherente frente a la comunidad internacional. Renunciar a ella sin un debate público amplio es un retroceso que no debería aceptar el país. Los gobiernos de Santos, Duque y Petro enfrentaron el éxodo venezolano con instrumentos distintos —el Permiso Especial de Permanencia, el Estatuto Temporal de Protección y la creación del nuevo Viceministerio de Asuntos Migratorios—, pero ninguno criminalizó de forma generalizada a la persona migrante ni equiparó irregularidad administrativa con delito. Los tres reconocieron la problemática como un desafío que exigía inversión sostenida en salud, educación y primera infancia, apoyándose en la cooperación internacional. Ese consenso demuestra que la solidaridad migratoria nunca fue una bandera partidista, sino una postura nacional, que además honraba la acogida que muchos colombianos recibieron de países como Venezuela en momentos críticos de nuestra historia. El Estatuto Temporal de Protección, creado en 2021, regularizó a cerca de 2,5 millones de las casi 3 millones de personas venezolanas en el país, con acceso a salud, educación y trabajo formal. En febrero de 2025, el relator especial de la ONU sobre derechos humanos de los migrantes, Gehad Madi, visitó el país y en su informe al Consejo de Derechos Humanos distinguió a Colombia como referente regional en regularización e integración. Este liderazgo fue ratificado meses después en la XV Cumbre del Foro Mundial sobre Migración y Desarrollo en Riohacha, donde 71 Estados acordaron una gobernanza migratoria basada en derechos humanos. Sin duda, ese reconocimiento convive con desafíos reales que incluyen la débil presencia estatal en zonas como el Darién, la exposición de migrantes a extorsión y violencia, y la urgencia de fortalecer los sistemas de asilo, aspectos identificados por el relator. En efecto, se trata de deudas concretas, pero su abordaje debería enfocarse hacia la presencia estatal, la protección y la cooperación regional, antes que al endurecimiento indiscriminado. Un estado que llega con su oferta a los territorios es un mejor estado para todas las personas, nacionales y extranjeras. Es particularmente preocupante que el nuevo enfoque vincule migración irregular con criminalidad sin distinción y deshumanice a la persona en esa condición calificándola de “ilegal”. Esa mirada reduccionista, además de promover la xenofobia y la discriminación, contradice la evidencia económica, según la cual, la integración de migrantes puede aportar hasta 0,3 % del PIB a mediano plazo, incrementar la productividad laboral en 10 % y reducir la informalidad en 5 %. Existen además estándares y límites jurídicos ineludibles. La Convención Americana sobre Derechos Humanos prohíbe las expulsiones colectivas, y la Corte Constitucional ha reiterado que las deportaciones no pueden ser automáticas ni colectivas. Las sentencias T-500 de 2018, SU-397 de 2021 y T-110 de 2026 exigen evaluación individualizada, debido proceso y aplicación estricta del principio de no devolución cuando esté en riesgo la vida de la persona. El trasfondo geopolítico del anuncio confirma la tendencia del nuevo gobierno a alinearse con Estados Unidos, en este caso, replicando sus políticas migratorias. Sin embargo, ese enfoque no ha mejorado la seguridad y, por el contrario, ha generado cientos de denuncias por vulneración de derechos y ha mermado la popularidad de Trump en su país. En contraste, Colombia, se ha consolidado como referente internacional en gestión migratoria mediante la cooperación y el respeto al derecho internacional. Renunciar a ese liderazgo no parece ni estratégico ni conveniente. En materia migratoria, Colombia es, al mismo tiempo, país de origen, tránsito, destino y retorno. Esa realidad estructural exige una política migratoria integral que combine gestión ordenada, seguridad legítima y protección efectiva, reconociendo el derecho a la movilidad humana, sin que estas dimensiones se excluyan entre sí, ni promuevan malos tratos o exclusión de nuestros propios compatriotas migrantes en otros países. La migración seguirá ocurriendo, sin importar las medidas que se tomen para combatirla. Colombia debe entonces definir si el control de sus fronteras estará fundado en el reconocimiento de los derechos humanos, la dignidad y la solidaridad y seguirá basado en el derecho internacional que ha defendido durante años, o si sacrifica esa trayectoria por alinearse con modelos que ya han demostrado su alto costo humano. @julibustamanter @verticepolexterior",2026-08-28T22:10:00Z,Juliana Bustamante Reyes,El Espectador,Colombia
1,Migrantes en Bello: así deben actualizar sus datos para no perder el servicio de salud,https://www.elespectador.com/mundo/venezuela/migrantes-en-bello-antioquia-asi-deben-actualizar-sus-datos-para-no-perder-el-servicio-de-salud/,"La Alcaldía de Bello advierte que más de 10.000 migrantes podrían quedarse sin servicios médicos si no actualizan sus datos antes de junio. La Alcaldía de Bello, en el departamento de Antioquia, le pide a la población migrante venezolana que reside en el municipio que realice la actualización obligatoria de su acreditación de permanencia del Régimen Subsidiado antes del 30 de junio de 2026. Esta medida busca evitar la suspensión masiva de los servicios médicos para miles de familias que dependen de esta cobertura. Según los reportes oficiales, el trámite es indispensable para validar la residencia actual y el cumplimiento de las normativas nacionales vigentes. De acuerdo con la Secretaría de Salud local, existen actualmente 10.387 migrantes venezolanos registrados de manera legal y afiliados al sistema de salud en el municipio que deben cumplir con este requisito. La normativa nacional exige que esta gestión se lleve a cabo cada cuatro meses para garantizar que el beneficiario y su núcleo familiar mantengan el acceso a citas, medicamentos y urgencias. Documentos necesarios para el trámite También debe presentar una copia del Permiso de Protección Temporal (PPT) . La rigurosidad en los documentos responde a la necesidad de asegurar que los recursos de salud se asignen correctamente en el territorio. Las autoridades han sido enfáticas en que el incumplimiento del plazo derivará automáticamente en la desactivación del servicio médico. Los interesados tienen hasta el 30 de junio de este año para llevarlo a cabo y evitar quedarse sin cobertura”. Para facilitar el proceso, se han dispuesto puntos físicos donde se recibe la documentación de manera presencial. Los ciudadanos pueden acercarse a las sedes de la E.S.E. Bello Salud o dirigirse a la oficina de Atención al Usuario de la Secretaría de Salud, situada en el barrio Mánchester, en la calle 45 A # 49B-56 . Los horarios establecidos son de lunes a jueves, de 8:00 a. m. a 12:00 m. y de 1:00 p. m. a 5:00 p. m., mientras que los viernes la atención se extiende hasta las 4:00 p. m. La invitación de las autoridades es a no dejar este trámite para el último día y garantizar así el derecho fundamental a la salud.",2026-05-09T21:30:28.903Z,Redacción Internacional,El Espectador,Colombia
2,Petro en EE. UU.: “Hay que avanzar más” en los derechos de los migrantes venezolanos,https://www.elespectador.com/mundo/america/petro-en-ee-uu-hay-que-avanzar-mas-en-los-derechos-de-los-migrantes-venezolanos/,"Petro pidió en Washington avanzar más en los derechos para los venezolanos en Colombia, contrastando con el endurecimiento migratorio en EE. UU. En el marco de su visita oficial a Estados Unidos para reunirse con el presidente Donald Trump, el mandatario colombiano, Gustavo Petro, ofreció un balance detallado sobre la situación migratoria y de seguridad en la frontera colombo-venezolana. “Vienen de Venezuela de vivir relativamente bien, mirar televisión, jugar softball, comprar en el supermercado y las últimas modas... y de pronto nada”, explicó el mandatario. Según Petro, el choque emocional de pasar de una vida urbana normalizada a dormir en barrios populares donde enfrentan el rechazo es “fatal” para un adolescente. “De ahí sale la violencia”, advirtió, comparando la situación con los conflictos de los jóvenes árabes en París que no se sienten ni franceses ni de su tierra de origen. Pese a este diagnóstico, Petro aseguró que hoy la mitad de la población venezolana en Colombia ya está empleada y aporta a la seguridad social, produciendo riqueza. En efecto, según el reporte de Mercado Laboral de la Población Extranjera (2024-2025) del DANE, la Tasa de Ocupación de los venezolanos en Colombia es del 66.4 %. Por otro lado, Petro advirtió que no se esperaba una nueva ola migratoria. “Nuestras cifras no indican ni una avalancha hacia Colombia como temíamos, ni lo contrario”, señaló, desestimando los temores de una nueva oleada masiva inmediata. Durante su intervención, el mandatario colombiano también subrayó que, si bien el Permiso de Protección Especial ha garantizado derechos humanos fundamentales a los migrantes, el objetivo de su gobierno es profundizar este estatus. Petro afirmó ante la administración estadounidense que “hay que avanzar más” en la equiparación de derechos, sugiriendo que la protección temporal es apenas un paso previo hacia una integración ciudadana completa. Las declaraciones de Petro desde Washington, cabe destacar, llegan en un momento difícil paro los venezolanos en Estados Unidos bajo la administración Trump. Tras el fin de las protecciones temporales y el endurecimiento de las políticas de asilo, miles de migrantes de esta nacionalidad han pasado de una relativa estabilidad a la incertidumbre de la deportación masiva. Energía para detener la migración La estrategia del mandatario colombiano consiste en aprovechar el potencial energético de la región, tanto el solar y eólico como el del subsuelo, para crear núcleos de producción que desactiven los focos de violencia. “Si hacemos ahí una reactivación económica, detenemos cualquier flujo migratorio sorpresivo”, concluyó Petro, planteando que el desarrollo fronterizo es la única respuesta estructural para evitar crisis humanitarias futuras. El mapa del narcotráfico se mueve al sur “Ecuador no está preparada para esta avalancha de narcotráfico. El problema se vuelve Ecuador porque es cada vez más difícil para el narcotraficante sacar cocaína de Colombia”, afirmó. Además, reveló que entregó al presidente Trump un listado con nombres propios de los “capos de primera línea”, aclarando que estos jefes no viven en las selvas colombianas, sino en “ciudades de lujo en el mundo”. Entre ellos mencionó ciudadanos colombianos, mexicanos, albaneses, italianos y estadounidenses.",2026-02-05T00:52:45.118Z,Redacción Internacional,El Espectador,Colombia
3,"“Emigro, luego existo”: la diáspora venezolana narrada desde el grafiti",https://www.elespectador.com/el-magazin-cultural/emigro-luego-existo-la-diaspora-venezolana-narrada-desde-el-grafiti/,"El mural del artista urbano Toxicómano se ha convertido en la puerta de entrada al barrio Pardo Rubio, un lugar donde los migrantes del país vecino han encontrado la forma de crear comunidad. En la calle 51 con carrera 7, un mural amarillo ocupa gran parte del paisaje por el que pasan miles de bogotanos al día. Además del color vibrante, un transeúnte atento podrá distinguir varios elementos que resaltan a primera vista, dependiendo de la dirección en la que vaya. Posiblemente, para aquellos que caminen de sur a norte, el primer símbolo que identifiquen será el rostro de una de las figuras más distintivas de nuestra época: el presidente estadounidense Donald Trump. El mandatario se encuentra acompañado por un texto que dice “Migración-on, Dignidad-off”, además de la imagen de unos ojos detrás de una reja que miran fijamente al espectador y que tienen superpuesta la silueta de unas personas que parecen estar caminando hacia la frontera. Al costado se pueden observar otros dos personajes. Uno de ellos tiene una camiseta con el mensaje “No nos gustan las fronteras” y a su lado se distingue otro texto que dice “Todas las fronteras son imaginarias”. Continuando con el recorrido visual, se podrá apreciar a dos personas cargando a unos bebés, con una frase en la parte superior que sentencia: “Todo espectador es un cobarde o un traidor”. Si el ruido y el paso de los carros no distraen, la mirada del transeúnte se posará en el retrato de una pequeña niña que sostiene con firmeza un cartel donde se lee “Hablar español is not a crime”. Por último, luego de caminar unos cuantos pasos, ya que solo así se puede observar el mural en su totalidad, el espectador se verá enfrentado a una frase corta: “Emigro, luego existo”, acompañada por el rostro de una mujer que dirige la mirada hacia el camino por el cual el peatón puede continuar, pero también en dirección a una bandera de Estados Unidos que se ondea, mientras una reja emerge en el fondo. Este grafiti fue creado por el artista urbano bogotano Toxicómano, cuyo nombre real es Andrés Montoya, aunque su identidad sigue estando cargada de misterio. A partir de su trabajo, Montoya se convirtió en uno de los fundadores de un colectivo callejero que lleva el mismo nombre de su pseudónimo artístico o “tag”, que es el término utilizado dentro de la escena urbana. Durante su trayectoria, Toxicómano se ha caracterizado por el uso del esténcil, una plantilla gráfica que facilita la reproducción de los dibujos. Otro de sus distintivos son las referencias a imágenes de la cultura popular, dándoles un giro desde la denuncia social. Su estilo ha llegado a ocupar varios espacios de la ciudad y se ha consolidado como una marca reconocible en el mundo del grafiti. Cuando habla de esta obra en específico, el artista ha sido enfático en el mensaje que quiere transmitir: “Muy pocas personas emigran porque quieren, la gran mayoría lo hace porque le toca, pero la distancia no borra las raíces”, expresó en sus redes sociales. En 2025, cuando Trump emitió una orden ejecutiva que declaraba el inglés como el idioma oficial de su país y puso sobre la mesa la posibilidad de que se eliminara el español de las agencias federales, el creador urbano recordó el fragmento donde se lee “Hablar español is not a crime” y declaró que “eliminar la asistencia en español pone en desventaja a las casi 60 millones de personas hispanohablantes que necesitan acceso a servicios esenciales”. Tanto la estética del mural como el posicionamiento en redes del artista se han convertido en una muestra de su posición crítica frente a las políticas antimigratorias que ha adoptado el gobierno del mandatario norteamericano, y han contribuido al debate desde la disputa del espacio público. Sin embargo, este grafiti es solo el inicio de un entramado de historias que se albergan en este rincón de la ciudad. Apenas se cruza la calle, está un puesto de frutas y verduras donde trabajan dos hombres, uno de ellos Michael Gutiérrez, migrante venezolano. Junto a él, se observan dos carteles con números telefónicos, a través de los cuales es posible acceder a servicios de transferencia o cambio de divisas, principalmente entre Colombia y Venezuela. Al preguntarle por esto, Gutiérrez comentó que este es un segundo emprendimiento que decidió instalar con su primo, debido a que en esta zona transitan muchos venezolanos. Además, contó que esta esquina es la puerta a un sitio donde viven varios de sus compatriotas: el barrio Pardo Rubio. Después de hablar con él, justo a lado nuestro, se empezó a formar una fila que llevaba a un punto de espera para tomar taxis. Ahí se encontraba Hernán Torres, bogotano de nacimiento, que creció y ha estado toda su vida en Pardo Rubio. Torres expresó que este servicio, que ofrece junto a otros compañeros, es una iniciativa que surgió hace aproximadamente tres décadas, debido al difícil acceso al transporte que tenían los habitantes de ese lugar. “Antes el barrio no estaba completamente pavimentado”, comentó, y también aclaró que este servicio se inició con el uso de camionetas, para luego transportarse en buses, carros particulares y, finalmente, llegar a la dinámica que hoy se maneja con los taxis. A pesar de que hoy los buses del SITP sí llegan a esta zona, la gente muchas veces prefiere utilizar este servicio debido a la comodidad, la confianza y el precio asequible, una apreciación que parece ser confirmada por la gran fila que se forma en horas pico. Por otra parte, mencionó que, sobre todo a partir de la pandemia, Pardo Rubio se convirtió en el hogar de decenas de familias venezolanas. Torres describió al barrio como un lugar tranquilo, aunque también reconoció que se ha producido un crecimiento acelerado: “Antes no había casas de más de un piso, ahora no se encuentran edificios con menos de cuatro”. Esto ha provocado que los precios de los arriendos se incrementen de manera considerable. Sin embargo, algo que no cambia es esta iniciativa de transporte propuesta por y para los habitantes del barrio. De manera aledaña a este servicio, se encuentran otros negocios, como la carreta de comidas y bebidas de don Alfonso, ubicada estratégicamente en medio de la fila, y el puesto de tintos y aromáticas de la señora Johanna. Ambos son migrantes venezolanos que han encontrado en esta esquina un medio por el cual subsistir. Al preguntarle a los transeúntes por el grafiti que se encuentra en este particular sitio, la mayoría dijo que, debido al ajetreo, no se han detenido a analizar el mensaje que intenta transmitir el mural y algunas personas, como Hernán Torres, mencionaron que nunca se habían fijado en esta pared de color vibrante por la que pasan día a día durante sus trayectos. No obstante, otros citadinos que circulan por ahí manifestaron que el mural “le da vida” a la zona y que propone un mensaje “interesante”. Bogotá es reconocida a nivel regional como la capital latinoamericana del grafiti, debido a la amplia presencia que tiene este tipo de arte en las calles. Si bien, debido al afán de la rutina, parece ser difícil detenerse a observar murales como este, una vez se hace este ejercicio, se revelan un sinfín de relatos que pueden ser contados. De acuerdo con el Concejo de Bogotá, en 2025 la capital albergaba a más de 600.000 venezolanos. Varios ciudadanos del país vecino han denunciado xenofobia y discriminación, por lo que un mural como este puede representar otra perspectiva para que los capitalinos se acerquen al tema de la migración. Si bien no se conoce si la ubicación de este mural fue intencional o no, este es un caso donde el arte apuesta por nuevas narrativas y discusiones colectivas desde el espacio público. De este modo, la frase “Emigro, luego existo”, pensada desde la experiencia de la diáspora venezolana en el barrio de Pardo Rubio, se resignifica día a día en este rincón de la ciudad.",2026-01-16T12:00:00Z,Micaela Abigail  Chiliquinga Sánchez,El Espectador,Colombia
4,“Hemos llegado a Berlín”: la migración venezolana vista desde la infancia,https://www.elespectador.com/el-magazin-cultural/hemos-llegado-a-berlin-la-migracion-venezolana-vista-desde-la-infancia/,"El cuento de Fanuel Hanán Díaz lleva a sus lectores uno de los lugares más transitados por la diáspora venezolana en Colombia. Entre la incertidumbre y la resistencia, la experiencia migrante venezolana ha encontrado en la cultura distintas maneras de manifestarse ante el mundo. Pero, ¿cómo se ve esta experiencia a través de los ojos de un niño? Esta pregunta fue planteada por el escritor Fanuel Hanán Díaz, quien vio en la literatura una oportunidad para arrojar luz sobre el recorrido que han realizado millones de sus compatriotas a lo largo de estos años, en los cuales el país fue sometido por el régimen de Nicolás Maduro. En esa búsqueda, la pluma de Díaz asumió el reto de convertirse en un puente para que las infancias migrantes fueran reconocidas. “Hemos llegado a Berlín: una travesía hacia la esperanza” es un libro ilustrado infantil que muestra el viaje emprendido por un niño junto a su familia a través del páramo de Berlín, uno de los lugares más transitados por la diáspora venezolana en Colombia. El cuento de Díaz recibió el Premio Nacional de Literatura Infantil Pedrito Botero en 2021, y este año llega a Colombia una nueva edición realizada por Panamericana, la cual acercará al público lector colombiano a la experiencia de la migración venezolana, desde el dolor y la inquietud que puede provocar este tipo de suceso en la niñez. En la primera página del libro se puede leer: “Ahora camino por el mundo soltando lágrimas”, una frase de “Me fui”, de Reymar Perdomo, canción que se ha convertido en un himno para los migrantes del vecino país. Esta primera mención da cuenta de un esfuerzo del autor por retratar aquella identidad colectiva que ha acompañado a los venezolanos en diferentes latitudes. Durante los últimos años el páramo de Berlín, ubicado entre Cúcuta y Bucaramanga, se ha convertido en un paso migratorio de gran relevancia, debido a su localización estratégica. No obstante, este extenso reservorio de agua también se volvió un lugar peligroso para los migrantes que han decidido emprender su recorrido por allí. Con una extensión de 195 kilómetros, temperaturas gélidas y aproximadamente entre 2.800 y 4.290 metros sobre el nivel del mar, el páramo alberga condiciones de gran dificultad para el tránsito de los migrantes. En 2018, varios medios de comunicación reportaron que al menos 17 venezolanos habían fallecido mientras cruzaban este ecosistema. En este cuento se describen las situaciones extremas a las que se enfrentan el niño de la historia y su familia. “Nos comentan que muchos han muerto al cruzarlo por el frío”, expresa el protagonista, mientras da detalles sobre el ambiente de Berlín. El paisaje descrito en el libro presenta un fuerte contraste. Mientras el niño admira las tonalidades de las montañas y los seres vivos que ahí habitan, como los pájaros o los árboles, también identifica al páramo como un lugar que pone en peligro su supervivencia: “Las montañas son infinitas, desde aquí parecen no terminarse nunca”. Esta dualidad construye este escenario como un sitio incierto, donde conviven la posibilidad de muerte y aquellos atisbos de esperanza que conservan los migrantes. En “Hemos llegado a Berlín” también conviven las dificultades propias de la migración: “Tampoco tenemos mucho más: llevamos la casa encima, los recuerdos”. Desde los ojos del protagonista, se hace evidente el desarraigo que experimenta el migrante y todo lo que se deja atrás en búsqueda de un mejor futuro. Otro punto de inflexión en la obra sucede cuando el niño menciona que se usan distintas palabras para referirse a ellos, como “venecos”, aunque él cree que se utiliza con “cariño”. La breve mención a este término se puede leer como una crítica a la xenofobia latente que se vive en distintos sectores del país y, a partir de la ingenuidad de la niñez, cuestiona el discurso cargado de violencia que se maneja en contra de los venezolanos. Por otra parte, el umbral de emociones expresado por el niño durante el relato demuestra la complejidad no solo de la situación migratoria, sino de la forma en la que las infancias se acercan a este tipo de circunstancias. La narración Díaz concibe a la niñez desde una dimensión humana: el lenguaje utilizado no es ambiguo. Se habla desde la claridad que puede resultar tan cruda como conmovedora. La escritura del autor venezolano diseña un lugar para escuchar las voces de las infancias migrantes y reconoce el valor que reside en sus historias y vivencias. Desde un notable cuidado, Díaz logra un acercamiento asertivo a la niñez: representa individuos que entienden lo que ocurre y que lo viven de manera profunda. A pesar de la hostilidad del entorno, el protagonista reconoce los gestos de apoyo que ha experimentado en este recorrido. Desde las historias que narran sus compatriotas hasta los esfuerzos comunitarios para mantenerse a salvo, como la señora que improvisa una fogata y su mamá que cumple con la función de enfermera, el niño encuentra una fuerza colectiva que se abre espacio en medio de tanta desolación. El libro termina con una escena incierta, pero cargada de fe. El grupo con el que está viajando el protagonista decide refugiarse durante la noche y, en medio de esta congregación, entonan al unísono un fragmento de la canción “Venezuela”: “Y tus recuerdos al atardecer me harán más corto el camino”. El niño menciona que aún no saben a dónde van, pero que han llegado a Berlín con esperanza. De acuerdo con cifras de Migración Colombia, en 2024 había 2.845.706 venezolanos en el territorio nacional, por lo que este tipo de narrativas pueden llevar a los colombianos a comprender con mayor profundidad el éxodo del país vecino. El mismo Díaz tuvo que migrar en 2014 y, en una entrevista para Infobae, declaró que esta historia tenía mucho que ver con su propia experiencia y “con el sentimiento de desarraigo que todos los migrantes llevamos a cuestas”. El contexto actual con la captura de Maduro y la intervención de Estados Unidos en Venezuela han dejado una serie de incógnitas y sentimientos disímiles. A pesar de la incertidumbre, la literatura sigue constituyéndose como un espacio para que las historias de los venezolanos sean contadas. Mientras eso suceda, seguirá habiendo lugar para la esperanza.",2026-01-13T23:00:00Z,Micaela Abigail  Chiliquinga Sánchez,El Espectador,Colombia
5,Migración y la orden presidencial,https://www.elheraldo.co/cartas-de-los-lectores/2026/09/02/migracion-y-la-orden-presidencial/,"Lo anterior me trae a la memoria dentro de tantas tesis el cómo fue la migración hacia América, dentro de ellas la migración qué vino desde el continente Asiático hasta el Americano, por el estrecho de Bering, este es un estrecho de 82 kilómetros, siendo este un brazo del mar que une a Rusia con Alaska, incluso se predica que en época de invierno se forma una capa no muy sólida que impidió qué pasarán animales grandes a América, además de los rasgos orientales qué tienen nuestros aborígenes, es importante entender que el concepto básico es Migrante, y los derivados desde el sitio de donde se mire.
Inmigrante: La misma persona vista desde el país de llegada (el que entra) Emigrantes: La misma persona vista desde su país de origen (el que sale) Desde el punto de vista de los derechos humanos, en el artículo 13 de la Declaración de los derechos humanos se enseña y garantiza “la libertad de circulación, de movimiento y de residencia dentro y fuera de un país ”
Lo anterior no indica que no se pueda regular esta estadía tal como Colombia lo hizo con los nacionales venezolanos, mediante el Decreto 216 del año 2021 (Estatuto temporal de protección para migrante venezolanos) mediante el cual se le otorgan derechos por 10 años, en salud, trabajo y estudio. Según datos ya están regularizados 2.300.000 y todavía faltando 500 mil aproximadamente. Es bueno aclarar que ser migrante no esta tipificado como delito, ser migrante no es delito, es una irregularidad administrativa. Cosa diferente podría ser si este migrante ante la resolución de deportación y por estar Venezuela tan cerca (diferente a los Estados Unidos) este al volver es posible que este concurriendo ante el delito de “Fraude Procesal ” y aquí sí podría estar en una conducta penal, de todas maneras, se tendría que mirar el caso concreto.
Resumen: El ser migrante no es delito, Tiene amparo en el artículo 13 en la declaración de los derechos humanos, los países tienen la potestad de regular su estadía entre ellos juzgar a los que cometan delitos dentro de su territorio, así como deportar a los que estén de manera irregular.",2026-09-02T05:00:00Z,Redacción ELHERALDO.CO,El Heraldo,Colombia
6,Orden sin estigma,https://www.elheraldo.co/columnas-de-opinion/2026/08/27/orden-sin-estigma/,"La diáspora venezolana merece revisión aparte. Por persecución política o razones económicas y sociales, Colombia se convirtió en uno de sus principales destinos, entre otros factores, por la extensa frontera terrestre, los históricos vínculos familiares y la facilidad de desplazamiento entre ambos países.
De casi 8 millones de venezolanos que han salido de su país, Migración Colombia registró, a agosto de 2025, 2.831.561 en Colombia. El 83% en condición migratoria regular y el 17% irregular. Aunque existe un margen de subregistro, para junio de 2026 el país había expedido 2.320.356 Permisos por Protección Temporal (PPT). Por tanto, la imagen de que los venezolanos en Colombia son ilegales es incorrecta. La gran mayoría de la población registrada ha accedido a mecanismos de regularización.
El asunto más complejo se circunscribe a quienes continúan incumplimiento las reglas. Un sector puede aprovechar esa condición para cometer delitos y contribuir a la inseguridad. Otros simplemente no accedieron a la formalización en los plazos establecidos, ingresaron después irregularmente o perdieron su permanencia legal y hoy encuentran cerrado el acceso general al PPT para nuevos migrantes adultos.
Conviene no confundir las cosas. Estar irregularmente en Colombia no equivale a ser delincuente. Una cosa es infringir las normas migratorias y otra, cometer un delito. La primera genera consecuencias administrativas. La segunda exige actuación de la justicia.
Esta distinción deja entender por qué no se puede simplemente deportar de manera indiscriminada a quienes se encuentran en situación irregular. Cada persona tiene derecho al debido proceso y pueden existir circunstancias que impidan su devolución. La Corte Constitucional ha reiterado el principio de no devolución cuando el retorno pueda poner en riesgo derechos fundamentales y ha exigido identificar necesidades de protección internacional.
Poner la casa en orden y combatir la delincuencia es un propósito legítimo. Hacerlo respetando la dignidad humana también debe serlo. A los delincuentes, todo el peso de la ley. A quienes simplemente enfrentan una situación migratoria irregular, la aplicación de las normas, el debido proceso y un trato digno.
Y frente a una realidad que no desaparecerá por decreto, Colombia debería considerar un nuevo camino de regularización, general o focalizado, para quienes quedaron por fuera de los mecanismos existentes. Ordenar la migración también significa ofrecer alternativas legales para salir de la irregularidad.
Es tomar el rumbo del tiempo en la escala medible por la voluntad. Significa planificar el desarrollo de los acontecimientos para permitirle al destino inspirar el camino. Es hallar la visión desde la misión escrita por la fe.
A esto se suma el estadio del Supermetro, concebido como el más moderno y de mayor capacidad del país para deporte y grandes eventos. Porque esa es la parte que más debería incomodar a los escépticos: Barranquilla no heredó el turismo.
El Decreto 1171 de 2026 lo convierte en mandato operativo cuando dispone, en su artículo 5, que las entidades públicas y privadas integrantes del Sistema Nacional de Gestión del Riesgo participarán en la ejecución del Plan de Acción Específico para la Recuperación, lo que significa que el sector privado no es un invitado de cortesía sino un integrante del sistema con deberes propios.",2026-08-27T05:00:00Z,Rodney Castro Gullo,El Heraldo,Colombia
7,Organización Venezolanos en Barranquilla pide al Gobierno fortalecer la regularización migratoria ante nuevas medidas de control,https://www.elheraldo.co/colombia/2026/08/25/organizacion-venezolanos-en-barranquilla-pide-al-gobierno-fortalecer-la-regularizacion-migratoria-ante-nuevas-medidas-de-control/,"La organización Venezolanos en Barranquilla hizo un llamado al Gobierno nacional para que las nuevas acciones de control migratorio anunciadas por el presidente de la República, Abelardo De la Espriella, y la estrategia piloto que se implementará en Barranquilla, estén acompañadas de mayores oportunidades de regularización y garantías para la población migrante.
En un comunicado divulgado este 24 de agosto, la organización reconoció la facultad del Estado para hacer cumplir las leyes, proteger las fronteras y garantizar la seguridad. También respaldó que quienes cometan delitos respondan ante la justicia, sin importar su nacionalidad, siempre bajo el debido proceso y el derecho a la defensa.
Según la organización, Colombia ha desarrollado durante cerca de una década mecanismos de protección y regularización que permitieron a millones de venezolanos estudiar, trabajar, emprender y acceder a servicios.
El comunicado señala que actualmente más de 2,8 millones de venezolanos residen en Colombia y que más de 2,3 millones de Permisos por Protección Temporal (PPT) han sido otorgados desde la entrada en vigor del Estatuto Temporal de Protección.
La organización puso como ejemplo a padres y cuidadores cuyos hijos están escolarizados y documentados en Colombia, pero que no necesariamente cuentan con una ruta vigente para regularizar su situación.
Otro de los puntos centrales del pronunciamiento está relacionado con eventuales deportaciones o expulsiones. La organización pidió que estos procedimientos tengan en cuenta las condiciones particulares de cada persona y las circunstancias que podrían enfrentar al regresar a Venezuela.
En particular, llamó la atención sobre solicitantes del reconocimiento de la condición de refugiado que permanecen a la espera de una decisión y sobre personas que manifiestan tener temores fundados frente a un eventual retorno.
La organización también defendió el impacto económico y social de la población migrante. Señaló que los venezolanos residentes en el país trabajan, emprenden, generan empleo, pagan impuestos, estudian y participan en el desarrollo de las comunidades donde viven.
En ese sentido, solicitó al Gobierno explicar con claridad a quiénes estarán dirigidos los procedimientos, cuáles serán sus etapas y garantías, cómo se protegerá la unidad familiar y qué ocurrirá con las personas que tengan trámites o solicitudes pendientes .
Ante la posibilidad de que Barranquilla sea utilizada como ciudad piloto para la estrategia migratoria, Venezolanos en Barranquilla propuso que la capital del Atlántico también se convierta en un escenario de buenas prácticas.
La organización planteó crear una mesa de trabajo con el Gobierno nacional, la Cancillería y Migración Colombia , con el acompañamiento de la Defensoría del Pueblo y la participación de organizaciones de la sociedad civil y defensores de los derechos de refugiados y migrantes.",2026-08-25T15:29:15Z,Redacción ELHERALDO.CO,El Heraldo,Colombia
8,Chile permite la salida de migrantes venezolanos con pasaportes vencidos tras doble sismo,https://www.elheraldo.co/mundo/2026/06/30/chile-permite-la-salida-de-migrantes-venezolanos-con-pasaportes-vencidos-tras-doble-sismo/,"Chile facilitará la salida “por razones humanitarias” de los ciudadanos venezolanos que tengan sus pasaportes vencidos y quieran volver a Venezuela para ayudar en las labores de reconstrucción tras el doble terremoto o rencontrarse con sus seres queridos, informó este martes el Gobierno chileno.
“Muchos ciudadanos venezolanos que viven en nuestro país se encuentran en una situación de profundo estrés emocional ante la pérdida de familiares o bien tienen la intención y el deseo de colaborar con la reconstrucción de su país”, explicó el director del Servicio Nacional de Migraciones, Frank Sauerbaum.
Los ciudadanos venezolanos que quieran acogerse a este plan tendrán que ir al la sede de la Policía de Investigaciones de Chile (PDI) ubicada en el Aeropuerto Internacional Arturo Merino Benítez, el principal de Santiago, y rellenar un “simple” documento antes de subirse al avión que los lleve de vuelta a Venezuela, agregó Sauerbaum.
Miles de personas trabajan contrarreloj para hallar a más sobrevivientes a casi una semana de los terremotos de magnitud 7,2 y 7,5 que sacudieron el Caribe venezolano y han dejado hasta la fecha al menos 1.943 personas y 10.571 heridos, según el último conteo del Gobierno venezolano.
La relaciones diplomáticas entre Chile y Venezuela están suspendidas desde el 24 de julio de 2024, cuando el entonces presidente de Venezuela, Nicolás Maduro, ordenó el retiro de todo el personal diplomático en el país austral, en respuesta a las acusaciones de fraude electoral emitidas por exmandatario Gabriel Boric y gran parte de la comunidad internacional.
El cierre del consulado y la embajada venezolanas en Chile hace dos años dejó a gran parte de los 700.000 venezolanos radicados en el país en un limbo burocrático, sin posibilidad de hacer ningún trámite consular presencial.
Aunque el Gobierno venezolano habilitó recientemente una plataforma digital para hacer trámites online y permitió a terceros retirar pasaportes en Caracas, la realidad es que muchos venezolanos se sienten atrapados en Chile.
El Gobierno de José Antonio Kast ha mostrado su voluntad de restablecer relaciones consulares con Caracas y el mandatario ultraderechista, en un gesto inédito en años, conversó el jueves por teléfono con la presidenta encargada de Venezuela, Delcy Rodríguez, para mostrarle su solidaridad e informarle del envío de ayuda humanitaria y de rescate.
Paralelamente a los salvoconductos anunciados este martes, el Ejecutivo chileno está elaborando un plan para facilitar el regreso voluntario a sus países de origen a los más de 330.000 migrantes irregulares que viven en Chile -en su mayoría venezolanos-, que fue una de las principales promesas de campaña del líder ultraconservador.",2026-06-30T23:47:07Z,Agencia EFE,El Heraldo,Colombia
9,Migración Colombia e ICBF afirman que se ha regularizado al 90% de niños migrantes venezolanos en el país,https://www.elheraldo.co/colombia/2025/10/30/migracion-colombia-e-icbf-afirman-que-se-ha-regularizado-al-90-de-ninos-migrantes-venezolanos-en-el-pais/,"A través del primer boletín oficial sobre los menores de edad migrantes venezolanos en el país, Migración Colombia y el ICBF reportaron que se ha regularizado al 90% de las niñas, niños y adolescentes migrantes venezolanos en Colombia.
“De los casi 2,8 millones de personas población migrante venezolana en Colombia (a corte mayo) el 28,41% son niños, niñas y adolescentes”, explicó el Gobierno, indica do además que “la población migrante venezolana menor de edad tendrá los preregistros habilitados hasta el año 2031, en el marco de la garantía y prevalencia de esta población”.
A mayo de 2025, se estima que en Colombia hay cerca de 800.000 menores de edad migrantes venezolanos, de los cuales casi el 90% ya se encuentran regularizados por Migración Colombia en el marco del Estatuto Temporal de Protección para Venezolanos, ETPV.
“En septiembre de 2025, Migración Colombia puso en marcha el PEP-Tutor, un nuevo mecanismo que permite a los representantes o custodios de niñas, niños y adolescentes venezolanos regularizar su permanencia en el país. Esta medida, amparada en el Decreto 1209 de 2024, busca garantizar que los adultos responsables puedan acceder a servicios, empleo y educación formal, fortaleciendo así la protección integral de los menores a su cargo. Según el Observatorio de Migraciones de Migración Colombia, el programa tiene un potencial de cobertura de más de 270.000 niñas, niños y adolescentes venezolanos con Permiso por Protección Temporal (PPT), cuyos cuidadores ahora pueden tramitar su regularización ante el Estado colombiano”, se lee.
No obstante, el boletín advierte un incremento en los casos de violencias reportadas contra la niñez migrante, que aumentaron en más de un 58,78% entre 2019 y 2024, según datos oficiales del Sistema Nacional de Bienestar Familiar . Esta situación se relaciona con los riesgos de movilidad irregular, las rutas no seguras y la falta de acompañamiento familiar durante los desplazamientos. Las autoridades insisten en que estas cifras deben verse como un llamado urgente a fortalecer los mecanismos de protección y prevención en las zonas de frontera.
Y el apartado de Protección integral a la niñez migrante concluye que, solo en 2024, el ICBF atendió a más de 61.000 Niñas, Niños y Adolescentes (NNA) migrantes en servicios de prevención y protección, la mayoría en programas de primera infancia.
“En los más recientes dos años, oficiales de Migración Colombia identificaron cerca de 400 casos de falsificación de documentos para la salida de Niños, Niñas y Adolescentes y, gracias a la articulación con agencias homólogas internacionales, se prohibió el ingreso al país de 133 ciudadanos extranjeros (la mayoría estadounidenses), identificados como posibles agresores sexuales de menores de edad. Este año son cerca de 40 inadmitidos o expulsados por la autoridad migratoria”, finaliza el documento.",2025-10-30T17:53:48Z,Redacción País,El Heraldo,Colombia
10,Crea retrato de Venezuela a travÃ©s de la historia de un disidente,https://heraldodemexico.com.mx/cultura/2024/9/11/crea-retrato-de-venezuela-traves-de-la-historia-de-un-disidente-636814.html,"Sumando los aÃ±os que Hugo ChÃ¡vez y NicolÃ¡s Maduro han estado al frente de Venezuela, han pasado 25 aÃ±os desde que la naciÃ³n caribeÃ±a, una de las mÃ¡s ricas en recursos naturales de la regiÃ³n, ha estado bajo la llamada RevoluciÃ³n Bolivariana.
Sin embargo, de cara a la mayorÃ­a de los paÃ­ses del mundo, el rÃ©gimen venezolano ha castigado el disenso y la oposiciÃ³n polÃ­tica duramente, y uno de los ejemplos mÃ¡s claros es el de Leopoldo LÃ³pez , cuya historia es retomada por el periodista y escritor Javier Moro en Nos quieren muertos , su mÃ¡s reciente obra.
Sigue leyendo:
Venezuela, la interminable crisis
Congreso de EspaÃ±a reconocerÃ¡ a Edmundo GonzÃ¡lez como presidente electo de Venezuela
Gobierno de NicolÃ¡s Maduro asedia con policÃ­a y ejÃ©rcito la embajada de Argentina en Caracas
âYo tengo un vÃ­nculo con Venezuela de cuando yo era joven, porque conocÃ­ el paÃ­s muy bien, mi papÃ¡ trabajaba allÃ¡ y luego, en el 2020, justo despuÃ©s de la pandemia, conozco a Leopoldo LÃ³pez, que acababa de llegar muy desorientado, bastante deprimido.
âAcababa de dejar Venezuela y yo creo que ya sabÃ­a que le habÃ­an descabellado polÃ­ticamente. EmpecÃ© a tratarle y a entrevistarle, entrevistÃ© a su mujer y a su mamÃ¡ tambiÃ©n, y lo que vi ahÃ­ era que habÃ­a un libro, porque a travÃ©s de su historia podÃ­a contar la Venezuela de hoy, que es lo que es el libroâ, detalla en entrevista exclusiva con El Heraldo de MÃ©xico. View this post on Instagram A post shared by Booksflea | Cafu00e9 Booksflea (u0040booksflea.ve) Narrar Venezuela desde dentro En opiniÃ³n del escritor de libros como Senderos de libertad o El sari rojo , la diferencia entre lo que se conoce del dÃ­a a dÃ­a venezolano desde el exterior es radicalmente distinto a lo que viven sus ciudadanos en la cotidianeidad. âLo que me contaron me parecÃ­a que no era suficientemente conocido . Una cosa es saber lo que pasa desde fuera, quÃ© terrible es esa red, cÃ³mo no se puede ir, ese gobierno, cÃ³mo se puede vivir ahÃ­, con la escasez. âOtra cosa es verlo desde adentro, quÃ© significa eso para el tipo normal de la calle, el ciudadano normal , cÃ³mo se vive cotidianamente un rÃ©gimen asÃ­. Y eso es lo que he querido mostrar en el libroâ, detalla. SegÃºn Moro, la forma en la que se desarrolla la historia polÃ­tica de Leopoldo LÃ³pez quien, al igual que recientemente Edmundo GonzÃ¡lez Urrutia , terminÃ³ con su exilio en EspaÃ±a, ayuda a conocer de primera mano la realidad a la que se enfrentan millones de venezolanos. Mantiene esperanzas de cambio Sin embargo, para Moro no todo estÃ¡ perdido al interior de Venezuela , pues Ã©l considera que, de darse un cambio de rÃ©gimen , serÃ¡ impulsado precisamente por las personas que aÃºn se encuentran dentro de su naciÃ³n. âYo creo que en Venezuela queda todavÃ­a un nervio de rebeldÃ­a , es un paÃ­s mÃ¡s rico, que interesa mÃ¡s al resto del mundo, porque es un factor de inestabilidad tremendo para todo el continente. Ahora se va a duplicar otra vez la migraciÃ³n , los migrantes van a salir, porque no pueden vivir ahÃ­ dentro. Se han salido 8 millones, un tercio de la poblaciÃ³n. El autor considera que el rÃ©gimen se ha endurecido con el gobierno de NicolÃ¡s Maduro. Foto: AFP âY luego, lo que estÃ¡ pasando ahÃ­ tambiÃ©n, lo que me da esperanza es que hay muchos chavistas de origen, que es lÃ³gico, Â¿quiÃ©n no estÃ¡ a favor de la igualdad? Â¿QuiÃ©n no estÃ¡ a favor de eliminar la pobreza? Â¡Todo el mundo! Muchos abrazaron la revoluciÃ³n chavista de buen corazÃ³n y honradamente, y ahora pues se dan cuenta que eso ya no es lo que eraâ, explica. El periodista de origen espaÃ±ol no duda en considerar a los actuales gobernantes de la naciÃ³n sudamericana como una especie de cartel, ademÃ¡s de considerar que tiene todas las caracterÃ­sticas de una tiranÃ­a. Para Moro, la transformaciÃ³n venezolana debe ocurrir desde dentro. Foto: AFP âUna diferencia entre la tiranÃ­a y la dictadura es que en la dictadura hay ciertas normas, te pueden gustar o no, pero se siguen. La tiranÃ­a no, eso ya es el arbitrio del tirano. Hoy hago esto, hoy esto estÃ¡ prohibido, hoy no. Hoy a ti te meto preso. Hoy te hago desaparecer cuatro dÃ­as, maÃ±ana al otro. Lo que les da la gana. Eso es Venezuelaâ, concluye. Nos quieren muertos ya se encuentra disponible en tiendas de libros de todo el paÃ­s, como El SÃ³tano, donde tiene un costo de 498 pesos.
A post shared by Booksflea | Cafu00e9 Booksflea (u0040booksflea.ve)
En opiniÃ³n del escritor de libros como Senderos de libertad o El sari rojo , la diferencia entre lo que se conoce del dÃ­a a dÃ­a venezolano desde el exterior es radicalmente distinto a lo que viven sus ciudadanos en la cotidianeidad. âLo que me contaron me parecÃ­a que no era suficientemente conocido . Una cosa es saber lo que pasa desde fuera, quÃ© terrible es esa red, cÃ³mo no se puede ir, ese gobierno, cÃ³mo se puede vivir ahÃ­, con la escasez. âOtra cosa es verlo desde adentro, quÃ© significa eso para el tipo normal de la calle, el ciudadano normal , cÃ³mo se vive cotidianamente un rÃ©gimen asÃ­. Y eso es lo que he querido mostrar en el libroâ, detalla. SegÃºn Moro, la forma en la que se desarrolla la historia polÃ­tica de Leopoldo LÃ³pez quien, al igual que recientemente Edmundo GonzÃ¡lez Urrutia , terminÃ³ con su exilio en EspaÃ±a, ayuda a conocer de primera mano la realidad a la que se enfrentan millones de venezolanos. Mantiene esperanzas de cambio Sin embargo, para Moro no todo estÃ¡ perdido al interior de Venezuela , pues Ã©l considera que, de darse un cambio de rÃ©gimen , serÃ¡ impulsado precisamente por las personas que aÃºn se encuentran dentro de su naciÃ³n. âYo creo que en Venezuela queda todavÃ­a un nervio de rebeldÃ­a , es un paÃ­s mÃ¡s rico, que interesa mÃ¡s al resto del mundo, porque es un factor de inestabilidad tremendo para todo el continente. Ahora se va a duplicar otra vez la migraciÃ³n , los migrantes van a salir, porque no pueden vivir ahÃ­ dentro. Se han salido 8 millones, un tercio de la poblaciÃ³n. El autor considera que el rÃ©gimen se ha endurecido con el gobierno de NicolÃ¡s Maduro. Foto: AFP âY luego, lo que estÃ¡ pasando ahÃ­ tambiÃ©n, lo que me da esperanza es que hay muchos chavistas de origen, que es lÃ³gico, Â¿quiÃ©n no estÃ¡ a favor de la igualdad? Â¿QuiÃ©n no estÃ¡ a favor de eliminar la pobreza? Â¡Todo el mundo! Muchos abrazaron la revoluciÃ³n chavista de buen corazÃ³n y honradamente, y ahora pues se dan cuenta que eso ya no es lo que eraâ, explica. El periodista de origen espaÃ±ol no duda en considerar a los actuales gobernantes de la naciÃ³n sudamericana como una especie de cartel, ademÃ¡s de considerar que tiene todas las caracterÃ­sticas de una tiranÃ­a. Para Moro, la transformaciÃ³n venezolana debe ocurrir desde dentro. Foto: AFP âUna diferencia entre la tiranÃ­a y la dictadura es que en la dictadura hay ciertas normas, te pueden gustar o no, pero se siguen. La tiranÃ­a no, eso ya es el arbitrio del tirano. Hoy hago esto, hoy esto estÃ¡ prohibido, hoy no. Hoy a ti te meto preso. Hoy te hago desaparecer cuatro dÃ­as, maÃ±ana al otro. Lo que les da la gana. Eso es Venezuelaâ, concluye. Nos quieren muertos ya se encuentra disponible en tiendas de libros de todo el paÃ­s, como El SÃ³tano, donde tiene un costo de 498 pesos.
âLo que me contaron me parecÃ­a que no era suficientemente conocido . Una cosa es saber lo que pasa desde fuera, quÃ© terrible es esa red, cÃ³mo no se puede ir, ese gobierno, cÃ³mo se puede vivir ahÃ­, con la escasez. âOtra cosa es verlo desde adentro, quÃ© significa eso para el tipo normal de la calle, el ciudadano normal , cÃ³mo se vive cotidianamente un rÃ©gimen asÃ­. Y eso es lo que he querido mostrar en el libroâ, detalla. SegÃºn Moro, la forma en la que se desarrolla la historia polÃ­tica de Leopoldo LÃ³pez quien, al igual que recientemente Edmundo GonzÃ¡lez Urrutia , terminÃ³ con su exilio en EspaÃ±a, ayuda a conocer de primera mano la realidad a la que se enfrentan millones de venezolanos. Mantiene esperanzas de cambio Sin embargo, para Moro no todo estÃ¡ perdido al interior de Venezuela , pues Ã©l considera que, de darse un cambio de rÃ©gimen , serÃ¡ impulsado precisamente por las personas que aÃºn se encuentran dentro de su naciÃ³n. âYo creo que en Venezuela queda todavÃ­a un nervio de rebeldÃ­a , es un paÃ­s mÃ¡s rico, que interesa mÃ¡s al resto del mundo, porque es un factor de inestabilidad tremendo para todo el continente. Ahora se va a duplicar otra vez la migraciÃ³n , los migrantes van a salir, porque no pueden vivir ahÃ­ dentro. Se han salido 8 millones, un tercio de la poblaciÃ³n. El autor considera que el rÃ©gimen se ha endurecido con el gobierno de NicolÃ¡s Maduro. Foto: AFP âY luego, lo que estÃ¡ pasando ahÃ­ tambiÃ©n, lo que me da esperanza es que hay muchos chavistas de origen, que es lÃ³gico, Â¿quiÃ©n no estÃ¡ a favor de la igualdad? Â¿QuiÃ©n no estÃ¡ a favor de eliminar la pobreza? Â¡Todo el mundo! Muchos abrazaron la revoluciÃ³n chavista de buen corazÃ³n y honradamente, y ahora pues se dan cuenta que eso ya no es lo que eraâ, explica. El periodista de origen espaÃ±ol no duda en considerar a los actuales gobernantes de la naciÃ³n sudamericana como una especie de cartel, ademÃ¡s de considerar que tiene todas las caracterÃ­sticas de una tiranÃ­a. Para Moro, la transformaciÃ³n venezolana debe ocurrir desde dentro. Foto: AFP âUna diferencia entre la tiranÃ­a y la dictadura es que en la dictadura hay ciertas normas, te pueden gustar o no, pero se siguen. La tiranÃ­a no, eso ya es el arbitrio del tirano. Hoy hago esto, hoy esto estÃ¡ prohibido, hoy no. Hoy a ti te meto preso. Hoy te hago desaparecer cuatro dÃ­as, maÃ±ana al otro. Lo que les da la gana. Eso es Venezuelaâ, concluye. Nos quieren muertos ya se encuentra disponible en tiendas de libros de todo el paÃ­s, como El SÃ³tano, donde tiene un costo de 498 pesos.
âOtra cosa es verlo desde adentro, quÃ© significa eso para el tipo normal de la calle, el ciudadano normal , cÃ³mo se vive cotidianamente un rÃ©gimen asÃ­. Y eso es lo que he querido mostrar en el libroâ, detalla. SegÃºn Moro, la forma en la que se desarrolla la historia polÃ­tica de Leopoldo LÃ³pez quien, al igual que recientemente Edmundo GonzÃ¡lez Urrutia , terminÃ³ con su exilio en EspaÃ±a, ayuda a conocer de primera mano la realidad a la que se enfrentan millones de venezolanos. Mantiene esperanzas de cambio Sin embargo, para Moro no todo estÃ¡ perdido al interior de Venezuela , pues Ã©l considera que, de darse un cambio de rÃ©gimen , serÃ¡ impulsado precisamente por las personas que aÃºn se encuentran dentro de su naciÃ³n. âYo creo que en Venezuela queda todavÃ­a un nervio de rebeldÃ­a , es un paÃ­s mÃ¡s rico, que interesa mÃ¡s al resto del mundo, porque es un factor de inestabilidad tremendo para todo el continente. Ahora se va a duplicar otra vez la migraciÃ³n , los migrantes van a salir, porque no pueden vivir ahÃ­ dentro. Se han salido 8 millones, un tercio de la poblaciÃ³n. El autor considera que el rÃ©gimen se ha endurecido con el gobierno de NicolÃ¡s Maduro. Foto: AFP âY luego, lo que estÃ¡ pasando ahÃ­ tambiÃ©n, lo que me da esperanza es que hay muchos chavistas de origen, que es lÃ³gico, Â¿quiÃ©n no estÃ¡ a favor de la igualdad? Â¿QuiÃ©n no estÃ¡ a favor de eliminar la pobreza? Â¡Todo el mundo! Muchos abrazaron la revoluciÃ³n chavista de buen corazÃ³n y honradamente, y ahora pues se dan cuenta que eso ya no es lo que eraâ, explica. El periodista de origen espaÃ±ol no duda en considerar a los actuales gobernantes de la naciÃ³n sudamericana como una especie de cartel, ademÃ¡s de considerar que tiene todas las caracterÃ­sticas de una tiranÃ­a. Para Moro, la transformaciÃ³n venezolana debe ocurrir desde dentro. Foto: AFP âUna diferencia entre la tiranÃ­a y la dictadura es que en la dictadura hay ciertas normas, te pueden gustar o no, pero se siguen. La tiranÃ­a no, eso ya es el arbitrio del tirano. Hoy hago esto, hoy esto estÃ¡ prohibido, hoy no. Hoy a ti te meto preso. Hoy te hago desaparecer cuatro dÃ­as, maÃ±ana al otro. Lo que les da la gana. Eso es Venezuelaâ, concluye. Nos quieren muertos ya se encuentra disponible en tiendas de libros de todo el paÃ­s, como El SÃ³tano, donde tiene un costo de 498 pesos.
âOtra cosa es verlo desde adentro, quÃ© significa eso para el tipo normal de la calle, el ciudadano normal , cÃ³mo se vive cotidianamente un rÃ©gimen asÃ­. Y eso es lo que he querido mostrar en el libroâ, detalla. SegÃºn Moro, la forma en la que se desarrolla la historia polÃ­tica de Leopoldo LÃ³pez quien, al igual que recientemente Edmundo GonzÃ¡lez Urrutia , terminÃ³ con su exilio en EspaÃ±a, ayuda a conocer de primera mano la realidad a la que se enfrentan millones de venezolanos. Mantiene esperanzas de cambio Sin embargo, para Moro no todo estÃ¡ perdido al interior de Venezuela , pues Ã©l considera que, de darse un cambio de rÃ©gimen , serÃ¡ impulsado precisamente por las personas que aÃºn se encuentran dentro de su naciÃ³n. âYo creo que en Venezuela queda todavÃ­a un nervio de rebeldÃ­a , es un paÃ­s mÃ¡s rico, que interesa mÃ¡s al resto del mundo, porque es un factor de inestabilidad tremendo para todo el continente. Ahora se va a duplicar otra vez la migraciÃ³n , los migrantes van a salir, porque no pueden vivir ahÃ­ dentro. Se han salido 8 millones, un tercio de la poblaciÃ³n. El autor considera que el rÃ©gimen se ha endurecido con el gobierno de NicolÃ¡s Maduro. Foto: AFP âY luego, lo que estÃ¡ pasando ahÃ­ tambiÃ©n, lo que me da esperanza es que hay muchos chavistas de origen, que es lÃ³gico, Â¿quiÃ©n no estÃ¡ a favor de la igualdad? Â¿QuiÃ©n no estÃ¡ a favor de eliminar la pobreza? Â¡Todo el mundo! Muchos abrazaron la revoluciÃ³n chavista de buen corazÃ³n y honradamente, y ahora pues se dan cuenta que eso ya no es lo que eraâ, explica. El periodista de origen espaÃ±ol no duda en considerar a los actuales gobernantes de la naciÃ³n sudamericana como una especie de cartel, ademÃ¡s de considerar que tiene todas las caracterÃ­sticas de una tiranÃ­a. Para Moro, la transformaciÃ³n venezolana debe ocurrir desde dentro. Foto: AFP âUna diferencia entre la tiranÃ­a y la dictadura es que en la dictadura hay ciertas normas, te pueden gustar o no, pero se siguen. La tiranÃ­a no, eso ya es el arbitrio del tirano. Hoy hago esto, hoy esto estÃ¡ prohibido, hoy no. Hoy a ti te meto preso. Hoy te hago desaparecer cuatro dÃ­as, maÃ±ana al otro. Lo que les da la gana. Eso es Venezuelaâ, concluye. Nos quieren muertos ya se encuentra disponible en tiendas de libros de todo el paÃ­s, como El SÃ³tano, donde tiene un costo de 498 pesos.
SegÃºn Moro, la forma en la que se desarrolla la historia polÃ­tica de Leopoldo LÃ³pez quien, al igual que recientemente Edmundo GonzÃ¡lez Urrutia , terminÃ³ con su exilio en EspaÃ±a, ayuda a conocer de primera mano la realidad a la que se enfrentan millones de venezolanos. Mantiene esperanzas de cambio Sin embargo, para Moro no todo estÃ¡ perdido al interior de Venezuela , pues Ã©l considera que, de darse un cambio de rÃ©gimen , serÃ¡ impulsado precisamente por las personas que aÃºn se encuentran dentro de su naciÃ³n. âYo creo que en Venezuela queda todavÃ­a un nervio de rebeldÃ­a , es un paÃ­s mÃ¡s rico, que interesa mÃ¡s al resto del mundo, porque es un factor de inestabilidad tremendo para todo el continente. Ahora se va a duplicar otra vez la migraciÃ³n , los migrantes van a salir, porque no pueden vivir ahÃ­ dentro. Se han salido 8 millones, un tercio de la poblaciÃ³n. El autor considera que el rÃ©gimen se ha endurecido con el gobierno de NicolÃ¡s Maduro. Foto: AFP âY luego, lo que estÃ¡ pasando ahÃ­ tambiÃ©n, lo que me da esperanza es que hay muchos chavistas de origen, que es lÃ³gico, Â¿quiÃ©n no estÃ¡ a favor de la igualdad? Â¿QuiÃ©n no estÃ¡ a favor de eliminar la pobreza? Â¡Todo el mundo! Muchos abrazaron la revoluciÃ³n chavista de buen corazÃ³n y honradamente, y ahora pues se dan cuenta que eso ya no es lo que eraâ, explica. El periodista de origen espaÃ±ol no duda en considerar a los actuales gobernantes de la naciÃ³n sudamericana como una especie de cartel, ademÃ¡s de considerar que tiene todas las caracterÃ­sticas de una tiranÃ­a. Para Moro, la transformaciÃ³n venezolana debe ocurrir desde dentro. Foto: AFP âUna diferencia entre la tiranÃ­a y la dictadura es que en la dictadura hay ciertas normas, te pueden gustar o no, pero se siguen. La tiranÃ­a no, eso ya es el arbitrio del tirano. Hoy hago esto, hoy esto estÃ¡ prohibido, hoy no. Hoy a ti te meto preso. Hoy te hago desaparecer cuatro dÃ­as, maÃ±ana al otro. Lo que les da la gana. Eso es Venezuelaâ, concluye. Nos quieren muertos ya se encuentra disponible en tiendas de libros de todo el paÃ­s, como El SÃ³tano, donde tiene un costo de 498 pesos.
Sin embargo, para Moro no todo estÃ¡ perdido al interior de Venezuela , pues Ã©l considera que, de darse un cambio de rÃ©gimen , serÃ¡ impulsado precisamente por las personas que aÃºn se encuentran dentro de su naciÃ³n. âYo creo que en Venezuela queda todavÃ­a un nervio de rebeldÃ­a , es un paÃ­s mÃ¡s rico, que interesa mÃ¡s al resto del mundo, porque es un factor de inestabilidad tremendo para todo el continente. Ahora se va a duplicar otra vez la migraciÃ³n , los migrantes van a salir, porque no pueden vivir ahÃ­ dentro. Se han salido 8 millones, un tercio de la poblaciÃ³n. El autor considera que el rÃ©gimen se ha endurecido con el gobierno de NicolÃ¡s Maduro. Foto: AFP âY luego, lo que estÃ¡ pasando ahÃ­ tambiÃ©n, lo que me da esperanza es que hay muchos chavistas de origen, que es lÃ³gico, Â¿quiÃ©n no estÃ¡ a favor de la igualdad? Â¿QuiÃ©n no estÃ¡ a favor de eliminar la pobreza? Â¡Todo el mundo! Muchos abrazaron la revoluciÃ³n chavista de buen corazÃ³n y honradamente, y ahora pues se dan cuenta que eso ya no es lo que eraâ, explica. El periodista de origen espaÃ±ol no duda en considerar a los actuales gobernantes de la naciÃ³n sudamericana como una especie de cartel, ademÃ¡s de considerar que tiene todas las caracterÃ­sticas de una tiranÃ­a. Para Moro, la transformaciÃ³n venezolana debe ocurrir desde dentro. Foto: AFP âUna diferencia entre la tiranÃ­a y la dictadura es que en la dictadura hay ciertas normas, te pueden gustar o no, pero se siguen. La tiranÃ­a no, eso ya es el arbitrio del tirano. Hoy hago esto, hoy esto estÃ¡ prohibido, hoy no. Hoy a ti te meto preso. Hoy te hago desaparecer cuatro dÃ­as, maÃ±ana al otro. Lo que les da la gana. Eso es Venezuelaâ, concluye. Nos quieren muertos ya se encuentra disponible en tiendas de libros de todo el paÃ­s, como El SÃ³tano, donde tiene un costo de 498 pesos.
âYo creo que en Venezuela queda todavÃ­a un nervio de rebeldÃ­a , es un paÃ­s mÃ¡s rico, que interesa mÃ¡s al resto del mundo, porque es un factor de inestabilidad tremendo para todo el continente. Ahora se va a duplicar otra vez la migraciÃ³n , los migrantes van a salir, porque no pueden vivir ahÃ­ dentro. Se han salido 8 millones, un tercio de la poblaciÃ³n. El autor considera que el rÃ©gimen se ha endurecido con el gobierno de NicolÃ¡s Maduro. Foto: AFP âY luego, lo que estÃ¡ pasando ahÃ­ tambiÃ©n, lo que me da esperanza es que hay muchos chavistas de origen, que es lÃ³gico, Â¿quiÃ©n no estÃ¡ a favor de la igualdad? Â¿QuiÃ©n no estÃ¡ a favor de eliminar la pobreza? Â¡Todo el mundo! Muchos abrazaron la revoluciÃ³n chavista de buen corazÃ³n y honradamente, y ahora pues se dan cuenta que eso ya no es lo que eraâ, explica. El periodista de origen espaÃ±ol no duda en considerar a los actuales gobernantes de la naciÃ³n sudamericana como una especie de cartel, ademÃ¡s de considerar que tiene todas las caracterÃ­sticas de una tiranÃ­a. Para Moro, la transformaciÃ³n venezolana debe ocurrir desde dentro. Foto: AFP âUna diferencia entre la tiranÃ­a y la dictadura es que en la dictadura hay ciertas normas, te pueden gustar o no, pero se siguen. La tiranÃ­a no, eso ya es el arbitrio del tirano. Hoy hago esto, hoy esto estÃ¡ prohibido, hoy no. Hoy a ti te meto preso. Hoy te hago desaparecer cuatro dÃ­as, maÃ±ana al otro. Lo que les da la gana. Eso es Venezuelaâ, concluye. Nos quieren muertos ya se encuentra disponible en tiendas de libros de todo el paÃ­s, como El SÃ³tano, donde tiene un costo de 498 pesos.
âY luego, lo que estÃ¡ pasando ahÃ­ tambiÃ©n, lo que me da esperanza es que hay muchos chavistas de origen, que es lÃ³gico, Â¿quiÃ©n no estÃ¡ a favor de la igualdad? Â¿QuiÃ©n no estÃ¡ a favor de eliminar la pobreza? Â¡Todo el mundo! Muchos abrazaron la revoluciÃ³n chavista de buen corazÃ³n y honradamente, y ahora pues se dan cuenta que eso ya no es lo que eraâ, explica. El periodista de origen espaÃ±ol no duda en considerar a los actuales gobernantes de la naciÃ³n sudamericana como una especie de cartel, ademÃ¡s de considerar que tiene todas las caracterÃ­sticas de una tiranÃ­a. Para Moro, la transformaciÃ³n venezolana debe ocurrir desde dentro. Foto: AFP âUna diferencia entre la tiranÃ­a y la dictadura es que en la dictadura hay ciertas normas, te pueden gustar o no, pero se siguen. La tiranÃ­a no, eso ya es el arbitrio del tirano. Hoy hago esto, hoy esto estÃ¡ prohibido, hoy no. Hoy a ti te meto preso. Hoy te hago desaparecer cuatro dÃ­as, maÃ±ana al otro. Lo que les da la gana. Eso es Venezuelaâ, concluye. Nos quieren muertos ya se encuentra disponible en tiendas de libros de todo el paÃ­s, como El SÃ³tano, donde tiene un costo de 498 pesos.
El periodista de origen espaÃ±ol no duda en considerar a los actuales gobernantes de la naciÃ³n sudamericana como una especie de cartel, ademÃ¡s de considerar que tiene todas las caracterÃ­sticas de una tiranÃ­a. Para Moro, la transformaciÃ³n venezolana debe ocurrir desde dentro. Foto: AFP âUna diferencia entre la tiranÃ­a y la dictadura es que en la dictadura hay ciertas normas, te pueden gustar o no, pero se siguen. La tiranÃ­a no, eso ya es el arbitrio del tirano. Hoy hago esto, hoy esto estÃ¡ prohibido, hoy no. Hoy a ti te meto preso. Hoy te hago desaparecer cuatro dÃ­as, maÃ±ana al otro. Lo que les da la gana. Eso es Venezuelaâ, concluye. Nos quieren muertos ya se encuentra disponible en tiendas de libros de todo el paÃ­s, como El SÃ³tano, donde tiene un costo de 498 pesos.
âUna diferencia entre la tiranÃ­a y la dictadura es que en la dictadura hay ciertas normas, te pueden gustar o no, pero se siguen. La tiranÃ­a no, eso ya es el arbitrio del tirano. Hoy hago esto, hoy esto estÃ¡ prohibido, hoy no. Hoy a ti te meto preso. Hoy te hago desaparecer cuatro dÃ­as, maÃ±ana al otro. Lo que les da la gana. Eso es Venezuelaâ, concluye. Nos quieren muertos ya se encuentra disponible en tiendas de libros de todo el paÃ­s, como El SÃ³tano, donde tiene un costo de 498 pesos.
Nos quieren muertos ya se encuentra disponible en tiendas de libros de todo el paÃ­s, como El SÃ³tano, donde tiene un costo de 498 pesos.","miÃ©rcoles, 11 de septiembre de 2024 · 05:07 hs",JosÃ© Arrieta,El Heraldo de México,México
11,"Colombia, con medidas especiales para jugar contra Venezuela",https://heraldodemexico.com.mx/deportes/2017/8/30/colombia-con-medidas-especiales-para-jugar-contra-venezuela-18692.html,,"miÃ©rcoles, 30 de agosto de 2017 · 12:55 hs",El Heraldo Agencias,El Heraldo de México,México
12,"""Dinero sin valor"", el impactante documental que aborda las consecuencias humanas de la inflaciÃ³n en Venezuela",https://heraldodemexico.com.mx/edicion-impresa/2023/11/14/dinero-sin-valor-el-impactante-documental-que-aborda-las-consecuencias-humanas-de-la-inflacion-en-venezuela-554887.html,"En colaboraciÃ³n con la Red Liberal de AmÃ©rica Latina ( Relial ), la FundaciÃ³n Friedrich Naumann para la Libertad y la ONG venezolana CEDICE Libertad, se ha lanzado el documental ""Dinero sin valor"".
Dos terceras partes de los venezolanos tienen que poner de su ingreso familiar para atender su salud. Esta es tan solo una de las mÃºltiples consecuencias de la inflaciÃ³n. Conoce mÃ¡s en ""Dinero sin valor: cÃ³mo se arruina a un paÃ­s"" disponible en https://t.co/LfrdfH5EXl Unaâ¦ pic.twitter.com/rnPrDpDuXr
Este documental, elaborado con el apoyo de la periodista Elizabeth Ostos de CEDICE y el experimentado productor de documentales Rafael HernÃ¡ndez, se sumerge en la realidad de la crisis econÃ³mica, polÃ­tica y social en Venezuela , destacando las experiencias personales de aquellos que lidian diariamente con los efectos devastadores de la inflaciÃ³n en el paÃ­s.
Sigue leyendo:
Municipio de QuerÃ©taro gana el Reed Latino por el documental âSomos el Barrio""
Llega a ViX el documental que retrata la realidad de jÃ³venes sicarios
El documental presenta una visiÃ³n mÃ¡s allÃ¡ de los datos econÃ³micos, enfocÃ¡ndose en las repercusiones humanitarias: desde la escasez de servicios bÃ¡sicos hasta la lucha por acceder a alimentos y medicinas.
A propÃ³sito del material audiovisual que serÃ¡ presentado en MÃ©xico, RocÃ­o Guijarro, directora de CEDICE Libertad, subraya la pÃ©rdida de poder adquisitivo, la migraciÃ³n hacia el dÃ³lar como moneda informal y las dificultades para el ahorro y el acceso a crÃ©ditos, generando condiciones crÃ­ticas en Ã¡reas cruciales como salud y educaciÃ³n.
Guijarro seÃ±ala los desafÃ­os enfrentados durante la producciÃ³n del material, incluyendo el temor de los entrevistados a represalias gubernamentales y la necesidad de mantener la seguridad al filmar en ciertas zonas. DestacÃ³ el esfuerzo del equipo para condensar informaciÃ³n valiosa en un formato accesible y humano. Una alerta y un llamado de consiencia en la forma de un documental Este documental no solo busca informar, sino tambiÃ©n alertar a los responsables de polÃ­ticas pÃºblicas sobre los efectos perjudiciales de prÃ¡cticas como la emisiÃ³n de dinero inorgÃ¡nico y los controles de precios, advirtiendo sobre la inflaciÃ³n y la hiperinflaciÃ³n opinÃ³ Guijarro. El mensaje y llamado a la acciÃ³n de CEDICE Libertad se refuerzan con el monitoreo permanente de la inflaciÃ³n a travÃ©s del ""Inflaciometro"", una herramienta diseÃ±ada para medir quincenalmente el aumento de productos bÃ¡sicos en sectores clase media y populares. Guijarro insta a los gobiernos a comprender la necesidad de polÃ­ticas pÃºblicas basadas en la libre empresa, competencia y respeto a la propiedad privada para contrarrestar la inflaciÃ³n. Guijarro espera que el documental sirva como alerta a los hacedores de polÃ­ticas pÃºblicas, mostrÃ¡ndoles que medidas como la emisiÃ³n de dinero inorgÃ¡nico y controles de precios son errÃ³neas y llevan a la inflaciÃ³n, y en algunos casos, a la hiperinflaciÃ³n. Respaldado por Relial y la FundaciÃ³n Friedrich Naumann, el documental hace un llamado a la conciencia ciudadana sobre la importancia de un gobierno limitado y un marco legal que promueva el libre mercado para garantizar la prosperidad de los individuos. Mira el documental aquÃ­: srgc
Este documental no solo busca informar, sino tambiÃ©n alertar a los responsables de polÃ­ticas pÃºblicas sobre los efectos perjudiciales de prÃ¡cticas como la emisiÃ³n de dinero inorgÃ¡nico y los controles de precios, advirtiendo sobre la inflaciÃ³n y la hiperinflaciÃ³n opinÃ³ Guijarro. El mensaje y llamado a la acciÃ³n de CEDICE Libertad se refuerzan con el monitoreo permanente de la inflaciÃ³n a travÃ©s del ""Inflaciometro"", una herramienta diseÃ±ada para medir quincenalmente el aumento de productos bÃ¡sicos en sectores clase media y populares. Guijarro insta a los gobiernos a comprender la necesidad de polÃ­ticas pÃºblicas basadas en la libre empresa, competencia y respeto a la propiedad privada para contrarrestar la inflaciÃ³n. Guijarro espera que el documental sirva como alerta a los hacedores de polÃ­ticas pÃºblicas, mostrÃ¡ndoles que medidas como la emisiÃ³n de dinero inorgÃ¡nico y controles de precios son errÃ³neas y llevan a la inflaciÃ³n, y en algunos casos, a la hiperinflaciÃ³n. Respaldado por Relial y la FundaciÃ³n Friedrich Naumann, el documental hace un llamado a la conciencia ciudadana sobre la importancia de un gobierno limitado y un marco legal que promueva el libre mercado para garantizar la prosperidad de los individuos. Mira el documental aquÃ­: srgc
El mensaje y llamado a la acciÃ³n de CEDICE Libertad se refuerzan con el monitoreo permanente de la inflaciÃ³n a travÃ©s del ""Inflaciometro"", una herramienta diseÃ±ada para medir quincenalmente el aumento de productos bÃ¡sicos en sectores clase media y populares. Guijarro insta a los gobiernos a comprender la necesidad de polÃ­ticas pÃºblicas basadas en la libre empresa, competencia y respeto a la propiedad privada para contrarrestar la inflaciÃ³n. Guijarro espera que el documental sirva como alerta a los hacedores de polÃ­ticas pÃºblicas, mostrÃ¡ndoles que medidas como la emisiÃ³n de dinero inorgÃ¡nico y controles de precios son errÃ³neas y llevan a la inflaciÃ³n, y en algunos casos, a la hiperinflaciÃ³n. Respaldado por Relial y la FundaciÃ³n Friedrich Naumann, el documental hace un llamado a la conciencia ciudadana sobre la importancia de un gobierno limitado y un marco legal que promueva el libre mercado para garantizar la prosperidad de los individuos. Mira el documental aquÃ­: srgc
Guijarro espera que el documental sirva como alerta a los hacedores de polÃ­ticas pÃºblicas, mostrÃ¡ndoles que medidas como la emisiÃ³n de dinero inorgÃ¡nico y controles de precios son errÃ³neas y llevan a la inflaciÃ³n, y en algunos casos, a la hiperinflaciÃ³n. Respaldado por Relial y la FundaciÃ³n Friedrich Naumann, el documental hace un llamado a la conciencia ciudadana sobre la importancia de un gobierno limitado y un marco legal que promueva el libre mercado para garantizar la prosperidad de los individuos. Mira el documental aquÃ­: srgc
Respaldado por Relial y la FundaciÃ³n Friedrich Naumann, el documental hace un llamado a la conciencia ciudadana sobre la importancia de un gobierno limitado y un marco legal que promueva el libre mercado para garantizar la prosperidad de los individuos. Mira el documental aquÃ­: srgc
srgc","martes, 14 de noviembre de 2023 · 16:38 hs",RedacciÃ³n El Heraldo Digital,El Heraldo de México,México
13,Integrantes de Caravana Migrante en Chiapas se cosen los labios para exigir la entrega de papeles de legal estancia,https://heraldodemexico.com.mx/edicion-impresa/2023/11/2/integrantes-de-caravana-migrante-en-chiapas-se-cosen-los-labios-para-exigir-la-entrega-de-papeles-de-legal-estancia-551861.html,"Al menos diez migrantes integrantes de la caravana que partiÃ³ de Tapachula el pasado 30 de octubre, se cosieron los labios este jueves para exigir al Instituto Nacional de MigraciÃ³n ( Inami) la entrega de documentos de libre trÃ¡nsito por el paÃ­s.
Los migrantes, que ahora se han detenido en el municipio de Huixtla , a unos 50 kilÃ³metros de su punto de partida, apuntaron que no se liberan de este sitio y si no son atendidos las manifestaciones irÃ¡n escalando.
SEGUIR LEYENDO
VIDEO: un grupo de venezolanos salvan a un abuelito atrapado en su auto en llamas
VIDEO: MarÃ­a del Carmen tiene 80 aÃ±os, es venezolana y ha recorrido a pie 5 paÃ­ses en busca del ""sueÃ±o americano""
âMe costure los labios para que vean que son fuerte y somos personas capaces de trabajar, de echar para adelante porque somos seres humanos. Necesitamos subir para llevar a nuestra familia y encontrar nuevas oportunidades â, seÃ±alÃ³ Irma Carolina Abarca, originaria de El Salvador.
El resto de los migrantes, la mayorÃ­a de CentroamÃ©rica, refiriÃ³ que es necesario realizar este tipo de protestas enÃ©rgicas para que los gobiernos se percaten que el dolor fÃ­sico se siente, pero es mÃ¡s fuerte aÃºn el dolor de no poder encontrar una estabilidad econÃ³mica y social mientras emigran a otros puntos de AmÃ©rica latina.
Uno de los extranjeros que se costurÃ³ los labios requiriÃ³ ser trasladado a una clÃ­nica de Huixtla, para recibir atenciÃ³n mÃ©dica a consecuencia de malestares que comenzÃ³ a resentir tras la protesta. Para el cierre de semana, los migrantes y el activista Irineo Mujica realizarÃ¡n mÃ¡s movilizaciones, que irÃ¡n desde huelgas de hambre hasta cliqueos carreteros, en caso que sigan sin ser escuchados. srgc
Para el cierre de semana, los migrantes y el activista Irineo Mujica realizarÃ¡n mÃ¡s movilizaciones, que irÃ¡n desde huelgas de hambre hasta cliqueos carreteros, en caso que sigan sin ser escuchados. srgc
srgc","jueves, 2 de noviembre de 2023 · 18:01 hs",JosÃ© Torres Cancino,El Heraldo de México,México
14,Tapachula: cientos de migrantes marchan al encuentro a la caravana de cinco mil indocumentados,https://heraldodemexico.com.mx/edicion-impresa/2023/11/5/tapachula-cientos-de-migrantes-marchan-al-encuentro-la-caravana-de-cinco-mil-indocumentados-552408.html,"AcompaÃ±ados por la Guardia Nacional, mÃ¡s de mil migrantes formaron este domingo una nueva caravana que partiÃ³ de Tapachula con rumbo al municipio de Huixtla, donde se reunirÃ­an con el otro grupo de extranjeros que permanece varado en este punto del sur de Chiapas .
Los integrantes del nuevo contingente, buscarÃ­a reforzar a la primera caravana conformada por mÃ¡s de cinco mil personas. El objetivo es ejercer presiÃ³n sobre las autoridades migratorias para que les otorguen los permisos de libre trÃ¡nsito por el paÃ­s.
Sigue leyendo:
VIDEO: MarÃ­a del Carmen tiene 80 aÃ±os, es venezolana y ha recorrido a pie 5 paÃ­ses en busca del ""sueÃ±o americano""
NiÃ±a migrante de dos aÃ±os muere atropellada mientras caminaba con sus papÃ¡s en Tapanatepec, Oaxaca
En el grupo viajan familias completas conformadas por niÃ±os y niÃ±as, que han resentido las condiciones de calor y lluvia. El activista Irineo Mujica, quien dirige las caravanas, puntualizÃ³ que existe preocupaciÃ³n debido a que se han detectado mÃ¡s de 150 niÃ±os con cuadros de desnutriciÃ³n, ademÃ¡s que unas 40 personas han presentado desmayos y casos de deshidrataciÃ³n.
Pese a esto, la desatenciÃ³n por parte del Instituto Nacional de MigraciÃ³n (Inami) mantiene sin poder avanzar a los miles de extranjeros mÃ¡s allÃ¡ de Huixtla y conectar con otras entidades, a fin de movilizarse cuanto antes a la frontera con Estados Unidos. CÃ©sar GÃ³mez, nativo de Honduras, explicÃ³ que en su paÃ­s la situaciÃ³n cada dÃ­a se complica mÃ¡s. El gobierno y las extorsiones se han convertido en el enemigo de la ciudadanÃ­a, lo que obliga a miles a caminar hacia MÃ©xico.
âNo queda de otra mÃ¡s que tirarle para Estados Unidos, sacar adelante a nuestra familia, el tema de la extorsiÃ³n estÃ¡ muy bravos, agregÃ³ el hombre que viaja con su esposa, dos hijos y su hermano por la carretera costera, la Ãºnica que enlaza a MÃ©xico con CentroamÃ©rica. Este lunes, los migrantes reanudarÃ¡n las protestas y amagan con realizar bloqueos en distintos puntos de la regiÃ³n sur de la entidad. La medida presiona al instituto de migraciÃ³n para dar una resoluciÃ³n cuanto antes a las demandas de los extranjeros. Sin embargo , el INM se mantiene indiferente y la situaciÃ³n podrÃ­a recrudecer en los prÃ³ximos dÃ­as. El grupo sigue marchando para encontrarse con el otro grupo. FOTO: JosÃ© Torres. Las dos caravanas podrÃ­an reunir a mÃ¡s de ocho mil personas para los prÃ³ximos dÃ­as, debido a que mÃ¡s migrantes avanzan en grupos pequeÃ±os hacia la localidad de Huixtla, en busca de unirse a la movilizaciÃ³n en busca de permisos de legal estancia en el paÃ­s.
Este lunes, los migrantes reanudarÃ¡n las protestas y amagan con realizar bloqueos en distintos puntos de la regiÃ³n sur de la entidad. La medida presiona al instituto de migraciÃ³n para dar una resoluciÃ³n cuanto antes a las demandas de los extranjeros. Sin embargo , el INM se mantiene indiferente y la situaciÃ³n podrÃ­a recrudecer en los prÃ³ximos dÃ­as. El grupo sigue marchando para encontrarse con el otro grupo. FOTO: JosÃ© Torres. Las dos caravanas podrÃ­an reunir a mÃ¡s de ocho mil personas para los prÃ³ximos dÃ­as, debido a que mÃ¡s migrantes avanzan en grupos pequeÃ±os hacia la localidad de Huixtla, en busca de unirse a la movilizaciÃ³n en busca de permisos de legal estancia en el paÃ­s.
Las dos caravanas podrÃ­an reunir a mÃ¡s de ocho mil personas para los prÃ³ximos dÃ­as, debido a que mÃ¡s migrantes avanzan en grupos pequeÃ±os hacia la localidad de Huixtla, en busca de unirse a la movilizaciÃ³n en busca de permisos de legal estancia en el paÃ­s.","domingo, 5 de noviembre de 2023 · 17:05 hs",JosÃ© Torres Cancino,El Heraldo de México,México
15,Migrantes venezolanos deportados de EU mueren tras terremotos en La Guaira,https://www.milenio.com/internacional/migrantes-deportados-de-eu-mueren-en-terremotos-de-venezuela,"M+.- Migrantes venezolanos en Estados Unidos perdieron el estatus que les permitió estar por años como refugiados y, horas después de haber regresado a Venezuela , murieron durante los terremotos que sacudieron al país Latinoamericano. El vuelo de repatriación 164, operado por GlobalX, despegó desde Phoenix, Arizona, paró por más migrantes en El Paso, Texas, y desde Miami, Florida, desde donde voló a Caracas. Aterrizó el miércoles 24 de junio a las 10:22 horas en el Aeropuerto Internacional Simón Bolívar. Posteriormente, 146 personas acababan de ser deportadas desde Estados Unidos: 120 hombres, 19 mujeres y siete menores de edad. Bajo custodia de la autoridad venezolana, fueron trasladados al hotel El Santuario La Llanada en La Guaira, mientras se hacían los trámites administrativos de repatriación , según detallaron algunos de sus familiares, quienes incluso se comunicaron con ellos ya estando ahí para acordar detalles de su reencuentro. Pero desde que ocurrió el doble terremoto, dejaron de saber de ellos. Parte del sitio colapsó. La zona está restringida y la seguridad es controlada por el Servicio Bolivariano de Inteligencia Nacional (Sebin). Nadie que ellos no permitan puede acceder al sitio , que desde hace años era utilizado como instalación gubernamental. ​ MILENIO documentó las labores que ahí se realizan. Remoción de escombros, búsqueda, rescate e identificación de cuerpos. La mañana del miércoles, a una semana de haberse derrumbado, personal con casco trabajó sobre los escombros , acompañado de al menos tres funcionarios forenses con vestimenta blanca. Un vehículo de carga, presumiblemente para el traslado de cuerpos, esperaba dentro del terreno. Mientras tres retroexcavadoras eran utilizadas esporádicamente para mover de un lado a otro los restos del edificio. Familiares de algunos deportados subieron fichas de búsqueda a la plataforma para localizar desaparecidos. Poniéndole nombre y rostro a estas probables víctimas mortales de los terremotos. Ninguna autoridad en Venezuela se ha pronunciado sobre lo ocurrido con los 146 migrantes. Si alguno sobrevivió, si murieron y cuándo serán devueltos con sus familiares. La tragedia de estos migrantes comenzó en octubre, cuando la Corte Suprema de Estados Unidos validó una política de la administración Trump que ordenó la cancelación del Estatus de Protección Temporal (TPS), afectando a alrededor de 300 mil venezolanos que entraron a ese país bajo un programa de protección humanitaria. Cada semana, Estados Unidos realiza vuelos como el que trasladó a este grupo de migrantes. RM",2026-07-06 01:40,Alejandro Domínguez,Milenio,México
16,María Corina Machado: “Trump es un aliado fundamental” para la transición en Venezuela,https://www.milenio.com/internacional/maria-corina-machado-afirma-trump-es-aliado-clave-en-venezuela,"La líder de la oposición venezolana, María Corina Machado , afirmó el jueves que el gobierno de Donald Trump permanece como un “aliado fundamental” para la transición democrática en Venezuela , pese al reconocimiento oficial de Estados Unidos a la chavista Delcy Rodríguez como presidenta legítima del país caribeño. ""Hay obstáculos, hay procesos complejos, pero efectivamente un aliado fundamental es el gobierno de Estados Unidos y el presidente Donald Trump"", dijo Machado en una rueda de prensa en Santiago, la primera que concede tras la decisión de Washington. El pasado jueves, Estados Unidos y Venezuela anunciaron el restablecimiento de sus relaciones diplomáticas y consulares . Días después, Trump adelantó durante la cumbre “Escudo de las Américas”, celebrada en Miami, que había reconocido formalmente al gobierno de Rodríguez. Machado, quien viajó a Chile para asistir a la investidura del presidente ultraderechista José Antonio Kas t, expresó confiar en la hoja de ruta establecida por Trump, destacando que el proceso engloba “tres fases”, que incluye la la estabilización, recuperación y transición democrática del país. “La única nación en el mundo que ha arriesgado la vida de sus ciudadanos para conseguir la libertad en Venezuela es Estados Unidos” , dijo la ganadora del Premio Nobel de la Paz, cuya medalla entregó al mandatario estadunidense, en referencia al operativo militar desplegado por Estados Unidos que culminó en la captura y detención de Nicolás Maduro . “Gracias a esa decisión del presidente Trump, hoy Nicolás Maduro enfrenta la justicia” . Machado agregó que, tan pronto sea posible, desea regresar a su país aunque aseguró que solo lo hará cuando haya estabilidad: “tenemos que asegurarnos que cada cada paso que damos sea firme” , matizó. En ese sentido, denunció que Rodríguez es “parte medular, fundamental, de la estructura del régimen criminal de Nicolás Maduro” y destacó que Estados Unidos “le ha dado claras instrucciones para que sectores del régimen desmonten la propia estructura represiva, de corrupción y criminal que ellos armaron”. Machado también se refirió a los millones de venezolanos desplazados debido a la crisis política, económica y social que azota el país tras participar la víspera en la investidura del ahora presidente Kast , un ultraderechista que ha prometido tipificar la inmigración irregular como un delito y expulsar los cerca de 330 mil extranjeros indocumentados que viven en Chile, en su gran mayoría venezolanos. Aseguró en ese marco estar “muy agradecida del presidente Kast“ , recalcando que ”todo país tiene el derecho, el deber, de garantizar su seguridad"" . Con unos 19 millones de habitantes, Chile se ha convertido en los últimos años en uno de los principales destinos de la inmigración latinoamericana. En 2024, la población extranjera representó el 8,8% del total nacional, el doble respecto a 2017 y encabezada por los venezolanos (41,6%). CHZ",2026-03-12 14:31,Agencia AP,Milenio,México
17,Migrantes venezolanos ven esperanza tras detención de Nicolás Maduro,https://www.milenio.com/comunidad/migrantes-venezolanos-ven-esperanza-tras-conflicto-con-eu,"Existe expectativa de que, tras el conflicto en Venezuela con la intervención de Estados Unidos , mejoren las condiciones de vida de la población , que por décadas ha enfrentado pobreza, deficiencias en servicios públicos, inseguridad, desempleo y falta de vivienda, situación que ha obligado a miles de personas a abandonar el país. Valentina Rodríguez llegó al Estado de México hace poco más de dos semanas procedente de Venezuela, donde dejó a sus hijos pequeños. En entrevista con Milenio Estado de México , explicó que decidió migrar debido a la crisis que vive su país y porque en México reside su hermana , quien cuenta con residencia permanente desde hace diez años. Rodríguez consideró que el escenario actual podría abrir una etapa de cambio para su nación, aunque advirtió que la recuperación no será inmediata. Señaló que la falta de ingresos, el alto costo de los alimentos y el colapso de los servicios básicos fueron determinantes para abandonar Venezuela. La joven explicó que, una vez que la situación se normalice, su intención es regresar, aunque reconoce que ese proceso tomará tiempo. Este día, Valentina acudió junto con un grupo de aproximadamente 30 personas a las instalaciones de la Comisión Mexicana de Ayuda a Refugiados (COMAR) , ubicadas en la calle Los Remedios, en la colonia San Luis Tlatilco, en Naucalpan, para solicitar residencia permanente. La COMAR, organismo dependiente de la Secretaría de Gobernación, es la instancia encargada de recibir y analizar las solicitudes de reconocimiento de la condición de refugiado y de otorgar protección complementaria a personas extranjeras que lo requieran. Como parte del proceso, la institución entrega una constancia que acredita el inicio del trámite y protege a la persona solicitante de ser devuelta a su país de origen. Entre enero y septiembre de 2025, la COMAR registró más de 58 mil 800 solicitudes de refugio de distintas nacionalidades. Tan solo entre octubre de 2024 y junio de 2025 se contabilizaron 42 mil 145 solicitudes, de las cuales 39 mil 048 fueron admitidas a trámite, principalmente de personas originarias de Honduras, Cuba, Haití, El Salvador y Venezuela. kr",2026-01-06 22:06,Carlos Zaid,Milenio,México
18,Migrantes venezolanos varados en Oaxaca celebran el Nobel de María Corina Machado,https://www.milenio.com/estados/migrantes-venezolanos-celebran-nobel-maria-corina-machado,"La esperanza regresó para 52 migrantes venezolanos deportados , —quienes permanecen en un albergue de San Pedro Tapanatepec, Oaxaca— luego de que María Corina Machado recibió el Premio Nobel de la Paz , un símbolo de lucha contra el régimen de Nicolás Maduro. María Ángeles, migrante venezolana, explicó a MILENIO que ella, su esposo y su hija de tres meses de edad, tuvieron que salir del país porque su esposo, quien era policía, se negó a reprimir a los manifestantes en la pasada elección , donde, según los venezolanos, se consumó otro fraude más de los cometidos por Maduro. Para María Ángeles y para el resto de la población, quienes son parte de los nueve millones de venezolanos que han emigrado para mejorar su calidad de vida, el Premio Nobel de la Paz muestra el verdadero sentimiento venezolano . La mujer y sus paisanos que se encuentran en el albergue ubicado en la zona oriente del Istmo de Tehuantepec, han iniciado los trámites para regularizar su estancia en el país; sin embargo, ese asunto se debe resolver en un plazo estimado de seis meses. Este jueves, la ganadora del Premio Nobel de la Paz anunció que planea llevar su premio de regreso a Venezuela, pero se negó a revelar cuándo regresaría , tras haber dejado el país en secreto para recibir el galardón. La líder de la oposición venezolana arribó a Oslo esta madrugada, pero no llegó a tiempo a la capital noruega para la ceremonia de entrega del premio, celebrada horas antes. Machado salió secretamente de Venezuela rumbo a Oslo, desafiando un prohibición de viajar, impuesta por las autoridades durante una década y tras pasar más de un año escondida.  Cuando Machado ganó el Premio Nobel de la Paz en octubre, lo dedicó en parte al presidente estadunidense Donald Trump, quien ha dicho que él mismo merecía el honor. Machado se ha alineado con los halcones cercanos a Trump que argumentan que Maduro tiene vínculos con bandas criminales que representan una amenaza directa para la seguridad nacional de Estados Unidos, a pesar de las dudas planteadas por la comunidad de inteligencia estadunidense. En una conferencia de prensa, cuando se le preguntó a Machado si apoyaría una invasión estadunidense a territorio venezolano, respondió que su país ya había sido invadido por actores como agentes rusos e iraníes y cárteles de la droga . Con información de Reuters ksh ​",2025-12-11 17:36,Ramón Bragaña,Milenio,México
19,Migrantes venezolanos protestan en Chiapas; piden que los retornen a su país,https://www.milenio.com/estados/migrantes-protestan-en-tuxtla-gutierrez-piden-volver-a-venezuela,"Más de mil 700 personas originarias de Venezuela que abandonaron el llamado ""sueño americano"" se encuentran en lista de espera para ser retornadas a su país lo antes posible. Este jueves realizaron una protesta pacífica frente a las oficinas del Instituto Nacional de Migración (INM), al oriente de Tuxtla Gutiérrez, donde solicitaron a las autoridades mexicanas agilizar los retornos aéreos y pidieron al gobierno venezolano intervenir en el asunto. Eber Niño manifestó que no cuentan con recursos para regresar a su país. Señaló que llevan poco más de siete meses en territorio mexicano y que son muchas las familias que permanecen varadas tanto en Tapachula como en Tuxtla Gutiérrez . Desde febrero a la fecha, más de mil 700 personas se han anotado en la lista para retornar a Venezuela, situación que se ha intensificado desde que Donald Trump asumió nuevamente la presidencia de Estados Unidos. La mayoría también permanece varada en Tapachula , junto a miles de migrantes de distintas nacionalidades. Alice Urbina Vázquez se encuentra en la frontera sur y ya no puede continuar su camino debido a que su pasaporte venció y sus hijos no cuentan con dicho documento . Decidieron regresar a su país, pero han pasado varios meses sin poder movilizarse . Está a la espera desde el 4 de febrero , junto a su familia, de ser llamada tras haberse anotado en la lista de espera para abordar un vuelo humanitario , como ya lo han hecho cientos de venezolanos. Asegura que se unió a la protesta pacífica para que los gobiernos de México y Venezuela los tomen en cuenta. Adelaida Álvarez declaró que es una de las personas que ya no lograron avanzar hacia el centro y norte del país para intentar cruzar a Estados Unidos . Actualmente busca ser parte de quienes retornan en vuelos humanitarios a Venezuela para comenzar de nuevo. De manera reciente, 70 personas fueron retornadas , sin embargo, más de mil 700 continúan varadas en Chiapas . Lamentó que se dé prioridad a familias con niños , pero recordó que todos son seres humanos y también requieren retornar a Venezuela . Aclaró que no pretenden avanzar hacia el norte de México , sino únicamente regresar a su país . MO",2025-04-24 16:36,Jhonatan González,Milenio,México
